CustomerID,Tenure,MonthlyCharges,TotalCharges,ContractType,PaymentMethod,InternetService,TechSupport,Churn
C10000,51,47.17,2369.42,Month-to-month,Bank transfer,Fiber optic,None,Yes
C10001,14,59.83,821.7,One year,Bank transfer,Fiber optic,None,No
C10002,71,29.17,2037.55,One year,Electronic check,Fiber optic,Device protection,No
C10003,60,53.64,3185.46,Month-to-month,Bank transfer,DSL,Online security,No
C10004,20,72.25,1489.81,Month-to-month,Credit card,Fiber optic,Tech support,No
C10005,23,93.23,2138.81,Month-to-month,Electronic check,Fiber optic,Device protection,No
C10006,2,20.33,69.54,Month-to-month,Credit card,Fiber optic,Tech support,No
C10007,21,66.73,1415.29,Month-to-month,Credit card,DSL,None,Yes
C10008,52,49.7,2602.04,Two year,Bank transfer,DSL,None,No
C10009,1,105.28,68.45,Month-to-month,Credit card,DSL,Device protection,Yes
C10010,29,91.56,2628.66,One year,Bank transfer,Fiber optic,Online security,Yes
C10011,37,78.91,2948.35,Month-to-month,Mailed check,Fiber optic,None,Yes
C10012,1,47.73,94.81,Month-to-month,Bank transfer,DSL,Tech support,No
C10013,63,111.03,6971.16,Month-to-month,Credit card,No,Tech support,Yes
C10014,59,24.51,1423.25,Month-to-month,Mailed check,Fiber optic,Device protection,No
C10015,20,30.95,616.29,One year,Bank transfer,Fiber optic,Tech support,Yes
C10016,32,59.16,1941.5,Two year,Credit card,Fiber optic,Online security,No
C10017,57,32.44,1825.98,Month-to-month,Electronic check,Fiber optic,None,No
C10018,21,115.64,2419.14,Two year,Electronic check,DSL,Tech support,No
C10019,48,99.8,4829.55,One year,Bank transfer,Fiber optic,Tech support,Yes
C10020,58,45.9,2612.49,Month-to-month,Bank transfer,Fiber optic,None,No
C10021,41,78.86,3187.24,One year,Electronic check,Fiber optic,Device protection,No
C10022,59,118.23,6985.98,Month-to-month,Credit card,Fiber optic,Tech support,No
C10023,14,108.42,1558.62,Month-to-month,Credit card,Fiber optic,Device protection,No
C10024,61,80.08,4858.77,One year,Credit card,Fiber optic,Device protection,Yes
C10025,61,110.37,6729.53,Month-to-month,Bank transfer,Fiber optic,Tech support,No
C10026,46,118.92,5465.37,Month-to-month,Mailed check,DSL,Online security,No
C10027,61,94.34,5752.04,One year,Mailed check,Fiber optic,Device protection,No
C10028,50,26.5,1337.25,Month-to-month,Mailed check,Fiber optic,Tech support,Yes
C10029,54,60.16,3245.61,Month-to-month,Mailed check,No,Device protection,No
C10030,63,103.78,6532.89,Two year,Mailed check,DSL,None,No
C10031,2,43.06,83.55,Month-to-month,Bank transfer,DSL,Online security,No
C10032,50,103.06,5162.09,Month-to-month,Bank transfer,Fiber optic,Online security,No
C10033,6,32.03,195.88,One year,Mailed check,Fiber optic,None,Yes
C10034,20,24.69,529.21,Month-to-month,Bank transfer,Fiber optic,None,No
C10035,38,58.41,2174.53,Month-to-month,Bank transfer,Fiber optic,Device protection,No
C10036,17,23.67,435.72,Two year,Mailed check,Fiber optic,None,No
C10037,3,115.73,381.58,One year,Credit card,No,Online security,No
C10038,59,102.62,6033.07,Month-to-month,Bank transfer,Fiber optic,None,No
C10039,13,100.08,1297.33,One year,Credit card,Fiber optic,Tech support,No
C10040,8,82.98,657.69,One year,Bank transfer,DSL,Tech support,No
C10041,52,41.63,2136.61,Month-to-month,Bank transfer,Fiber optic,Device protection,No
C10042,1,71.83,61.51,Month-to-month,Mailed check,DSL,Online security,No
C10043,59,79.73,4658.51,Month-to-month,Bank transfer,DSL,Tech support,Yes
C10044,70,72.5,5052.78,One year,Electronic check,DSL,None,No
C10045,43,46.02,2010.53,Month-to-month,Electronic check,No,Tech support,No
C10046,7,71.52,479.1,Month-to-month,Mailed check,Fiber optic,Tech support,No
C10047,46,69.12,3211.34,Two year,Credit card,Fiber optic,Device protection,No
C10048,34,119.63,4070.58,One year,Credit card,No,None,No
C10049,35,109.74,3878.89,Month-to-month,Credit card,DSL,None,No
C10050,49,66.34,3258.14,Month-to-month,Electronic check,Fiber optic,None,Yes
C10051,3,82.29,199.84,Month-to-month,Credit card,No,Device protection,Yes
C10052,1,94.79,112.33,Month-to-month,Credit card,Fiber optic,None,Yes
C10053,5,23.49,71.94,One year,Mailed check,No,None,Yes
C10054,53,109.49,5798.03,One year,Credit card,Fiber optic,Tech support,No
C10055,3,106.01,360.97,Month-to-month,Electronic check,Fiber optic,Tech support,Yes
C10056,53,65.74,3450.74,Month-to-month,Electronic check,No,None,No
C10057,62,59.12,3654.43,One year,Electronic check,Fiber optic,Online security,Yes
C10058,17,47.3,827.09,Month-to-month,Mailed check,Fiber optic,Online security,No
C10059,43,67.67,2948.04,Month-to-month,Mailed check,Fiber optic,None,Yes
C10060,33,24.44,823.61,Month-to-month,Bank transfer,No,Online security,No
C10061,61,105.22,6394.24,Month-to-month,Credit card,DSL,Device protection,No
C10062,13,23.54,323.48,Two year,Mailed check,DSL,Tech support,No
C10063,47,52.91,2466.44,Month-to-month,Electronic check,DSL,Device protection,No
C10064,14,113.16,1606.08,Month-to-month,Electronic check,DSL,Tech support,Yes
C10065,71,93.52,6685.32,Month-to-month,Mailed check,Fiber optic,Online security,No
C10066,61,48.14,2958.68,Two year,Mailed check,Fiber optic,Online security,Yes
C10067,39,45.26,1801.43,Month-to-month,Mailed check,DSL,None,No
C10068,52,20.51,1016.73,Month-to-month,Bank transfer,Fiber optic,Online security,Yes
C10069,23,89.57,2081.87,Month-to-month,Electronic check,Fiber optic,Online security,No
C10070,25,24.88,654.96,Month-to-month,Bank transfer,Fiber optic,None,No
C10071,59,73.26,4276.4,Month-to-month,Bank transfer,Fiber optic,None,No
C10072,40,116.21,4685.56,Month-to-month,Credit card,No,Tech support,No
C10073,28,30.95,842.27,Month-to-month,Electronic check,Fiber optic,Online security,No
C10074,14,109.45,1548.83,Month-to-month,Electronic check,DSL,Tech support,Yes
C10075,44,119.15,5272.64,One year,Mailed check,Fiber optic,Tech support,No
C10076,64,26.15,1689.87,Month-to-month,Mailed check,Fiber optic,Device protection,Yes
C10077,70,108.29,7539.53,Month-to-month,Credit card,Fiber optic,Online security,No
C10078,8,71.61,582.51,Month-to-month,Bank transfer,DSL,Online security,No
C10079,0,110.65,4.96,Two year,Mailed check,DSL,Device protection,No
C10080,7,77.13,579.94,Month-to-month,Mailed check,No,Tech support,No
C10081,62,86.21,5335.44,One year,Electronic check,DSL,Online security,No
C10082,10,74.38,725.91,One year,Electronic check,DSL,Tech support,No
C10083,7,106.45,770.14,Month-to-month,Mailed check,DSL,Device protection,Yes
C10084,34,93.39,3166.53,Two year,Electronic check,No,None,No
C10085,34,72.13,2467.03,Month-to-month,Credit card,DSL,Tech support,No
C10086,32,106.82,3432.89,Month-to-month,Mailed check,Fiber optic,Online security,No
C10087,4,44.53,216.92,One year,Electronic check,Fiber optic,None,No
C10088,40,35.73,1439.07,One year,Credit card,DSL,Tech support,Yes
C10089,27,36.04,973.3,Month-to-month,Electronic check,DSL,Tech support,No
C10090,6,53.4,284.29,Month-to-month,Electronic check,Fiber optic,None,No
C10091,71,43.87,3076.34,Month-to-month,Electronic check,No,None,Yes
C10092,11,113.01,1208.54,One year,Mailed check,No,None,No
C10093,33,30.58,976.32,Month-to-month,Bank transfer,Fiber optic,Online security,No
C10094,32,89.9,2890.59,Month-to-month,Electronic check,No,Online security,No
C10095,47,38.92,1853.34,Month-to-month,Credit card,Fiber optic,Tech support,No
C10096,22,108.16,2382.52,Month-to-month,Mailed check,Fiber optic,Tech support,No
C10097,61,116.13,7116.83,One year,Mailed check,Fiber optic,Device protection,No
C10098,36,66.55,2444.93,Month-to-month,Credit card,Fiber optic,Online security,No
C10099,43,107.91,4672.13,Two year,Electronic check,DSL,Tech support,No
C10100,34,20.51,716.83,Month-to-month,Bank transfer,Fiber optic,None,Yes
C10101,64,101.99,6530.61,One year,Electronic check,Fiber optic,None,No
C10102,46,42.86,1966.45,Month-to-month,Credit card,Fiber optic,Online security,No
C10103,2,110.87,180.18,Month-to-month,Mailed check,Fiber optic,None,Yes
C10104,0,20.11,0.0,Month-to-month,Bank transfer,Fiber optic,Device protection,No
C10105,4,75.62,343.49,Month-to-month,Mailed check,DSL,Tech support,No
C10106,13,95.66,1274.38,Month-to-month,Credit card,Fiber optic,Tech support,Yes
C10107,26,45.87,1164.23,Two year,Electronic check,No,Tech support,No
C10108,8,39.31,311.14,One year,Bank transfer,DSL,Online security,No
C10109,14,28.41,429.41,Month-to-month,Mailed check,Fiber optic,None,No
C10110,41,52.64,2114.98,Month-to-month,Mailed check,No,Device protection,No
C10111,50,75.98,3787.74,Month-to-month,Mailed check,Fiber optic,Online security,No
C10112,62,31.58,1993.14,Month-to-month,Electronic check,Fiber optic,Tech support,No
C10113,51,57.67,2931.56,One year,Bank transfer,Fiber optic,Device protection,No
C10114,3,20.91,20.49,Two year,Electronic check,Fiber optic,Tech support,Yes
C10115,22,101.87,2245.39,Month-to-month,Electronic check,Fiber optic,Tech support,No
C10116,14,32.84,495.93,Month-to-month,Electronic check,DSL,Online security,No
C10117,42,48.33,2038.89,Month-to-month,Credit card,Fiber optic,Tech support,No
C10118,28,21.84,584.15,One year,Credit card,DSL,Device protection,No
C10119,35,63.22,2201.12,Month-to-month,Credit card,Fiber optic,Tech support,No
C10120,12,104.01,1243.13,One year,Bank transfer,DSL,None,No
C10121,31,59.22,1843.75,One year,Electronic check,Fiber optic,Tech support,Yes
C10122,70,37.95,2682.44,Month-to-month,Electronic check,Fiber optic,Online security,No
C10123,58,95.37,5491.35,One year,Credit card,Fiber optic,Device protection,No
C10124,27,98.88,2708.73,Month-to-month,Electronic check,Fiber optic,Online security,No
C10125,65,37.38,2380.93,One year,Electronic check,Fiber optic,None,No
C10126,41,97.09,3967.7,Month-to-month,Mailed check,DSL,Tech support,Yes
C10127,44,114.73,5000.86,Month-to-month,Electronic check,Fiber optic,Online security,Yes
C10128,61,36.64,2224.34,Two year,Mailed check,DSL,Online security,No
C10129,56,97.1,5440.18,One year,Electronic check,DSL,Online security,No
C10130,5,90.86,455.47,One year,Bank transfer,No,Online security,Yes
C10131,27,67.36,1785.28,Month-to-month,Credit card,Fiber optic,None,No
C10132,27,25.79,710.9,One year,Mailed check,Fiber optic,None,No
C10133,43,27.47,1135.69,Month-to-month,Credit card,No,Tech support,No
C10134,29,105.24,3078.15,One year,Mailed check,DSL,Tech support,No
C10135,61,119.01,7304.27,Month-to-month,Mailed check,Fiber optic,Device protection,No
C10136,61,87.61,5328.19,Two year,Mailed check,Fiber optic,None,Yes
C10137,0,64.6,1.72,Two year,Bank transfer,Fiber optic,Online security,No
C10138,26,84.76,2191.65,One year,Electronic check,DSL,Online security,No
C10139,61,79.44,4796.51,Month-to-month,Mailed check,DSL,Device protection,No
C10140,2,58.36,105.31,Month-to-month,Bank transfer,Fiber optic,Online security,No
C10141,69,26.56,1861.81,One year,Mailed check,DSL,Device protection,No
C10142,71,102.15,7262.25,Month-to-month,Electronic check,DSL,Tech support,Yes
C10143,26,57.18,1446.81,One year,Mailed check,Fiber optic,None,No
C10144,8,101.88,849.75,Month-to-month,Bank transfer,DSL,Device protection,Yes
C10145,61,45.25,2763.36,Month-to-month,Electronic check,DSL,Online security,No
C10146,36,20.1,757.77,Two year,Bank transfer,Fiber optic,Device protection,No
C10147,50,35.89,1802.52,Month-to-month,Electronic check,No,Tech support,No
C10148,43,66.85,2880.52,Month-to-month,Electronic check,Fiber optic,Online security,No
C10149,23,114.43,2592.42,Month-to-month,Credit card,Fiber optic,Tech support,No
C10150,58,30.22,1719.5,Month-to-month,Credit card,Fiber optic,Tech support,No
C10151,31,105.42,3315.22,One year,Credit card,Fiber optic,Device protection,No
C10152,51,72.7,3680.55,Month-to-month,Electronic check,Fiber optic,Tech support,Yes
C10153,61,102.59,6305.74,Two year,Mailed check,Fiber optic,Online security,No
C10154,57,49.84,2844.07,One year,Bank transfer,DSL,Tech support,No
C10155,51,103.99,5267.07,Month-to-month,Bank transfer,Fiber optic,Tech support,Yes
C10156,11,97.28,1030.01,One year,Bank transfer,DSL,Device protection,Yes
C10157,38,43.01,1605.27,Month-to-month,Credit card,Fiber optic,Tech support,Yes
C10158,1,33.13,75.69,Month-to-month,Electronic check,No,None,Yes
C10159,2,106.81,205.04,Two year,Credit card,DSL,Device protection,No
C10160,55,116.32,6387.14,Month-to-month,Mailed check,Fiber optic,Device protection,No
C10161,58,23.13,1322.86,Month-to-month,Electronic check,DSL,Online security,No
C10162,1,93.13,57.84,Month-to-month,Bank transfer,Fiber optic,Online security,Yes
C10163,1,110.95,109.74,Month-to-month,Credit card,DSL,Online security,Yes
C10164,53,105.74,5567.22,Month-to-month,Credit card,Fiber optic,Online security,No
C10165,0,116.45,33.55,One year,Mailed check,DSL,None,No
C10166,18,96.01,1715.22,Month-to-month,Mailed check,DSL,Device protection,No
C10167,1,64.23,51.71,Month-to-month,Credit card,Fiber optic,Tech support,No
C10168,52,51.2,2659.8,Month-to-month,Mailed check,Fiber optic,Online security,No
C10169,43,52.07,2233.42,Month-to-month,Bank transfer,DSL,Online security,No
C10170,31,92.44,2915.13,Month-to-month,Mailed check,Fiber optic,Online security,Yes
C10171,69,94.58,6530.56,Month-to-month,Mailed check,Fiber optic,Tech support,No
C10172,31,40.04,1200.06,Month-to-month,Credit card,Fiber optic,Online security,No
C10173,67,106.81,7166.96,Month-to-month,Credit card,Fiber optic,Tech support,No
C10174,54,91.49,4905.62,Month-to-month,Electronic check,No,Device protection,No
C10175,55,76.28,4148.49,Month-to-month,Electronic check,Fiber optic,Device protection,Yes
C10176,16,67.15,1121.47,Two year,Credit card,Fiber optic,Device protection,No
C10177,37,74.32,2777.19,Two year,Mailed check,DSL,None,Yes
C10178,23,35.92,874.17,Month-to-month,Mailed check,DSL,Tech support,No
C10179,68,40.37,2742.95,Two year,Electronic check,Fiber optic,Online security,No
C10180,69,29.12,2012.51,One year,Electronic check,Fiber optic,Online security,No
C10181,10,35.37,320.53,Month-to-month,Electronic check,No,Online security,Yes
C10182,15,65.37,955.24,Month-to-month,Bank transfer,DSL,Online security,No
C10183,58,73.04,4270.17,One year,Bank transfer,Fiber optic,None,No
C10184,69,21.79,1489.13,One year,Electronic check,Fiber optic,Online security,No
C10185,2,99.68,232.04,Month-to-month,Mailed check,Fiber optic,None,Yes
C10186,19,49.42,959.88,One year,Electronic check,Fiber optic,Tech support,No
C10187,58,111.18,6416.16,Month-to-month,Bank transfer,Fiber optic,Device protection,No
C10188,35,116.75,4086.99,One year,Mailed check,No,Online security,Yes
C10189,18,38.55,711.64,Two year,Bank transfer,Fiber optic,Device protection,No
C10190,66,66.21,4343.36,Month-to-month,Mailed check,DSL,Tech support,No
C10191,18,20.12,395.23,One year,Bank transfer,Fiber optic,Tech support,No
C10192,19,79.83,1521.25,Month-to-month,Mailed check,DSL,Online security,No
C10193,70,80.73,5617.62,One year,Mailed check,DSL,Tech support,No
C10194,51,44.75,2290.55,One year,Mailed check,Fiber optic,Device protection,No
C10195,32,75.84,2476.85,Month-to-month,Mailed check,Fiber optic,Online security,No
C10196,39,42.55,1624.5,Month-to-month,Credit card,Fiber optic,None,No
C10197,38,36.08,1402.72,Month-to-month,Bank transfer,No,Online security,No
C10198,0,85.15,0.0,One year,Bank transfer,No,Device protection,No
C10199,10,52.59,554.14,Month-to-month,Credit card,Fiber optic,Online security,No
C10200,56,79.03,4449.14,One year,Mailed check,Fiber optic,Online security,No
C10201,49,63.32,3082.73,Month-to-month,Mailed check,Fiber optic,Device protection,No
C10202,22,118.44,2588.26,Month-to-month,Bank transfer,DSL,Online security,No
C10203,30,34.96,1078.05,Month-to-month,Credit card,Fiber optic,Online security,No
C10204,41,66.46,2721.0,One year,Mailed check,Fiber optic,Device protection,No
C10205,6,88.05,551.38,Two year,Mailed check,Fiber optic,Tech support,Yes
C10206,15,59.55,858.05,Two year,Mailed check,Fiber optic,Device protection,Yes
C10207,59,117.47,6965.99,One year,Electronic check,DSL,Online security,No
C10208,1,92.19,113.28,One year,Credit card,Fiber optic,None,No
C10209,0,85.7,40.69,Month-to-month,Mailed check,DSL,None,Yes
C10210,47,95.71,4461.61,Month-to-month,Electronic check,Fiber optic,Device protection,Yes
C10211,11,115.26,1277.16,Month-to-month,Credit card,Fiber optic,None,Yes
C10212,68,110.78,7542.95,One year,Mailed check,DSL,Online security,Yes
C10213,36,92.43,3312.83,Two year,Bank transfer,No,Online security,Yes
C10214,31,94.92,2938.37,Month-to-month,Electronic check,DSL,Device protection,Yes
C10215,8,34.59,230.52,Two year,Electronic check,Fiber optic,Online security,No
C10216,18,30.28,569.63,One year,Mailed check,Fiber optic,Tech support,No
C10217,47,77.09,3628.16,Month-to-month,Mailed check,No,Online security,No
C10218,2,21.84,43.68,Month-to-month,Electronic check,Fiber optic,Device protection,No
C10219,19,68.24,1314.64,Month-to-month,Bank transfer,Fiber optic,Tech support,No
C10220,23,41.03,940.37,Month-to-month,Bank transfer,No,Tech support,Yes
C10221,53,54.6,2847.25,One year,Credit card,DSL,None,Yes
C10222,32,97.58,3169.52,Month-to-month,Mailed check,No,Online security,No
C10223,23,114.12,2669.67,Month-to-month,Bank transfer,No,Device protection,No
C10224,71,27.24,1935.33,One year,Credit card,No,None,No
C10225,35,73.42,2529.07,One year,Bank transfer,Fiber optic,None,No
C10226,37,108.25,4030.71,Two year,Mailed check,Fiber optic,Online security,No
C10227,24,28.25,677.19,Month-to-month,Credit card,DSL,Online security,No
C10228,17,102.45,1721.89,Month-to-month,Credit card,Fiber optic,Device protection,No
C10229,65,55.78,3624.84,One year,Credit card,Fiber optic,None,No
C10230,53,52.21,2769.37,Month-to-month,Bank transfer,Fiber optic,Device protection,No
C10231,34,117.75,4009.77,Month-to-month,Mailed check,Fiber optic,None,No
C10232,60,40.09,2399.52,Month-to-month,Credit card,DSL,None,Yes
C10233,40,89.32,3583.38,Month-to-month,Electronic check,Fiber optic,None,No
C10234,32,102.14,3310.35,Month-to-month,Mailed check,Fiber optic,Online security,No
C10235,67,24.12,1602.27,Month-to-month,Electronic check,Fiber optic,None,No
C10236,32,87.04,2807.85,Month-to-month,Electronic check,DSL,None,No
C10237,13,115.15,1536.4,Month-to-month,Credit card,Fiber optic,None,No
C10238,20,32.42,644.0,Month-to-month,Credit card,Fiber optic,Tech support,No
C10239,47,109.62,5146.49,Month-to-month,Bank transfer,DSL,Online security,No
C10240,19,79.48,1520.33,One year,Bank transfer,Fiber optic,Tech support,No
C10241,7,81.66,580.76,Month-to-month,Bank transfer,Fiber optic,Online security,Yes
C10242,6,81.29,518.4,Month-to-month,Mailed check,Fiber optic,Device protection,Yes
C10243,66,49.88,3289.73,Month-to-month,Bank transfer,Fiber optic,Tech support,No
C10244,16,113.52,1865.93,Month-to-month,Electronic check,No,Device protection,Yes
C10245,32,114.74,3627.63,Month-to-month,Bank transfer,Fiber optic,None,No
C10246,47,82.53,3829.23,Month-to-month,Credit card,DSL,Device protection,No
C10247,58,98.34,5717.74,Two year,Bank transfer,Fiber optic,Device protection,No
C10248,21,81.23,1685.67,Month-to-month,Mailed check,Fiber optic,Device protection,No
C10249,29,68.44,1958.8,Month-to-month,Mailed check,DSL,Device protection,Yes
C10250,37,86.08,3166.15,One year,Electronic check,Fiber optic,Online security,No
C10251,50,75.3,3740.6,Month-to-month,Mailed check,Fiber optic,Tech support,No
C10252,53,79.75,4179.83,Month-to-month,Bank transfer,Fiber optic,Online security,No
C10253,7,98.38,735.81,Month-to-month,Credit card,Fiber optic,Online security,Yes
C10254,26,68.09,1742.41,One year,Mailed check,DSL,Online security,No
C10255,26,24.08,649.48,Month-to-month,Electronic check,Fiber optic,Device protection,No
C10256,20,36.4,754.26,Month-to-month,Bank transfer,No,Online security,No
C10257,29,63.86,1894.87,Month-to-month,Electronic check,DSL,Tech support,Yes
C10258,27,92.48,2450.01,One year,Mailed check,Fiber optic,Online security,No
C10259,63,79.33,5034.99,Month-to-month,Mailed check,Fiber optic,None,No
C10260,68,85.03,5784.76,Two year,Electronic check,Fiber optic,Device protection,Yes
C10261,60,67.93,4089.05,Month-to-month,Bank transfer,DSL,None,No
C10262,47,81.57,3848.24,Two year,Mailed check,Fiber optic,Tech support,No
C10263,18,52.9,984.18,Two year,Credit card,DSL,Tech support,Yes
C10264,3,67.02,184.4,Month-to-month,Mailed check,Fiber optic,Tech support,No
C10265,34,94.43,3233.93,Month-to-month,Bank transfer,DSL,Tech support,No
C10266,63,107.18,6755.2,Month-to-month,Mailed check,Fiber optic,Online security,No
C10267,48,63.37,3071.1,Month-to-month,Electronic check,No,Device protection,Yes
C10268,16,24.37,438.97,One year,Mailed check,Fiber optic,Tech support,Yes
C10269,43,36.17,1525.38,Month-to-month,Mailed check,Fiber optic,None,No
C10270,29,22.09,690.07,Month-to-month,Bank transfer,Fiber optic,Tech support,No
C10271,45,85.33,3798.83,Month-to-month,Electronic check,Fiber optic,Device protection,Yes
C10272,5,53.23,216.38,Two year,Bank transfer,No,None,Yes
C10273,36,74.25,2627.42,Month-to-month,Mailed check,Fiber optic,None,Yes
C10274,23,69.33,1578.77,Month-to-month,Credit card,Fiber optic,None,No
C10275,45,28.15,1280.04,Month-to-month,Mailed check,DSL,Online security,No
C10276,52,60.33,3094.06,Two year,Bank transfer,Fiber optic,Tech support,No
C10277,59,42.06,2432.11,Month-to-month,Credit card,Fiber optic,Online security,Yes
C10278,62,61.84,3877.79,Month-to-month,Bank transfer,DSL,None,No
C10279,31,40.36,1283.35,Month-to-month,Bank transfer,Fiber optic,Online security,Yes
C10280,32,104.05,3360.52,Month-to-month,Electronic check,No,Online security,No
C10281,66,37.42,2508.16,Month-to-month,Credit card,Fiber optic,Online security,No
C10282,17,116.08,1993.36,Two year,Mailed check,Fiber optic,Tech support,No
C10283,24,61.59,1438.6,One year,Bank transfer,DSL,None,No
C10284,53,104.62,5534.77,Month-to-month,Mailed check,DSL,None,Yes
C10285,57,82.88,4746.47,One year,Electronic check,Fiber optic,Tech support,Yes
C10286,66,93.54,6151.67,Month-to-month,Electronic check,DSL,Online security,No
C10287,45,96.77,4373.39,One year,Credit card,Fiber optic,Online security,No
C10288,23,70.48,1573.49,One year,Electronic check,Fiber optic,Device protection,No
C10289,31,74.33,2284.84,Month-to-month,Electronic check,No,Device protection,No
C10290,46,71.4,3289.31,One year,Mailed check,Fiber optic,Device protection,No
C10291,22,78.81,1747.03,Month-to-month,Electronic check,Fiber optic,Tech support,Yes
C10292,65,22.94,1498.8,Month-to-month,Electronic check,DSL,None,Yes
C10293,26,59.55,1568.08,Month-to-month,Bank transfer,No,Device protection,No
C10294,1,80.62,31.23,Month-to-month,Electronic check,Fiber optic,None,Yes
C10295,16,79.77,1236.41,One year,Bank transfer,Fiber optic,None,No
C10296,32,99.3,3214.49,Two year,Electronic check,DSL,None,Yes
C10297,8,85.5,702.17,Month-to-month,Electronic check,No,Tech support,Yes
C10298,42,119.21,4968.11,One year,Credit card,No,Tech support,No
C10299,47,48.39,2308.54,One year,Credit card,Fiber optic,Tech support,Yes
C10300,38,55.92,2099.18,Month-to-month,Bank transfer,Fiber optic,Tech support,No
C10301,41,58.38,2391.41,Month-to-month,Electronic check,Fiber optic,Device protection,No
C10302,25,66.58,1629.02,Month-to-month,Mailed check,DSL,Online security,No
C10303,49,103.6,5097.41,One year,Credit card,DSL,Online security,Yes
C10304,24,43.58,1062.61,Two year,Mailed check,DSL,Online security,No
C10305,23,97.6,2215.91,Month-to-month,Credit card,No,Device protection,Yes
C10306,12,60.53,762.7,One year,Credit card,Fiber optic,Online security,No
C10307,59,80.19,4721.34,Month-to-month,Electronic check,Fiber optic,Device protection,No
C10308,6,83.25,478.75,Month-to-month,Credit card,Fiber optic,Device protection,Yes
C10309,56,57.28,3172.91,Month-to-month,Mailed check,Fiber optic,Device protection,No
C10310,35,71.26,2470.72,Month-to-month,Credit card,Fiber optic,Online security,No
C10311,44,61.3,2649.4,Month-to-month,Bank transfer,Fiber optic,None,No
C10312,19,26.91,519.62,Month-to-month,Electronic check,DSL,Online security,No
C10313,64,63.72,4112.3,Month-to-month,Electronic check,No,Online security,No
C10314,7,29.74,213.08,Month-to-month,Bank transfer,Fiber optic,Tech support,No
C10315,15,60.5,879.43,Month-to-month,Bank transfer,Fiber optic,Device protection,Yes
C10316,13,79.29,984.14,One year,Bank transfer,Fiber optic,None,No
C10317,14,77.94,1062.62,Month-to-month,Credit card,DSL,Tech support,No
C10318,65,86.26,5598.51,One year,Electronic check,DSL,None,No
C10319,31,29.53,941.39,Month-to-month,Bank transfer,DSL,None,No
C10320,62,85.21,5251.8,Month-to-month,Credit card,Fiber optic,Device protection,No
C10321,50,51.21,2582.48,Two year,Bank transfer,Fiber optic,Online security,No
C10322,24,59.9,1474.29,Month-to-month,Mailed check,Fiber optic,Device protection,No
C10323,57,105.8,6025.99,Month-to-month,Mailed check,DSL,Device protection,No
C10324,62,20.9,1327.94,One year,Electronic check,DSL,Tech support,No
C10325,61,78.84,4814.71,Month-to-month,Credit card,No,Device protection,No
C10326,21,79.87,1690.98,Month-to-month,Mailed check,Fiber optic,Online security,No
C10327,57,59.67,3403.82,Month-to-month,Mailed check,DSL,None,Yes
C10328,57,43.7,2487.22,Month-to-month,Credit card,No,Device protection,No
C10329,48,43.47,2060.03,Month-to-month,Bank transfer,Fiber optic,None,No
C10330,51,108.37,5507.19,Month-to-month,Credit card,Fiber optic,Device protection,Yes
C10331,41,64.2,2611.2,One year,Bank transfer,No,None,Yes
C10332,69,53.09,3669.54,One year,Mailed check,Fiber optic,Device protection,No
C10333,14,64.88,870.32,One year,Mailed check,No,Tech support,No
C10334,53,86.94,4649.5,Month-to-month,Mailed check,No,None,No
C10335,59,34.58,2062.29,One year,Electronic check,DSL,Device protection,No
C10336,7,64.94,444.72,Month-to-month,Electronic check,DSL,Device protection,Yes
C10337,52,78.79,4062.94,One year,Electronic check,DSL,Tech support,Yes
C10338,59,114.86,6814.94,One year,Credit card,DSL,Tech support,No
C10339,4,45.25,213.38,One year,Mailed check,Fiber optic,Tech support,No
C10340,67,55.93,3769.48,Month-to-month,Mailed check,Fiber optic,None,No
C10341,5,57.94,266.85,Month-to-month,Credit card,Fiber optic,None,Yes
C10342,46,80.55,3695.54,Month-to-month,Electronic check,DSL,Tech support,No
C10343,54,55.67,2966.45,One year,Credit card,Fiber optic,Online security,No
C10344,39,73.35,2829.55,Month-to-month,Electronic check,Fiber optic,Online security,No
C10345,51,98.18,5035.48,One year,Mailed check,Fiber optic,Device protection,No
C10346,15,90.54,1379.6,Month-to-month,Bank transfer,DSL,Online security,No
C10347,12,64.64,785.03,Month-to-month,Electronic check,No,Device protection,No
C10348,29,106.42,3125.75,Month-to-month,Mailed check,No,None,Yes
C10349,18,75.81,1372.91,Month-to-month,Mailed check,Fiber optic,None,Yes
C10350,16,73.99,1180.54,Month-to-month,Bank transfer,No,Online security,No
C10351,62,23.42,1436.08,Month-to-month,Mailed check,DSL,None,No
C10352,18,118.67,2180.1,Two year,Mailed check,Fiber optic,Tech support,No
C10353,57,32.3,1799.37,Month-to-month,Electronic check,DSL,Tech support,No
C10354,54,43.11,2371.03,Month-to-month,Electronic check,Fiber optic,Online security,No
C10355,61,25.17,1568.04,One year,Bank transfer,No,Online security,No
C10356,22,84.0,1810.99,One year,Bank transfer,Fiber optic,Device protection,No
C10357,8,42.47,346.26,One year,Mailed check,Fiber optic,None,Yes
C10358,11,38.0,454.65,Month-to-month,Electronic check,DSL,Device protection,Yes
C10359,0,28.86,7.18,One year,Bank transfer,Fiber optic,Device protection,No
C10360,57,30.33,1769.53,One year,Bank transfer,Fiber optic,Tech support,No
C10361,0,78.47,44.3,Month-to-month,Credit card,DSL,Tech support,Yes
C10362,33,88.82,2923.3,Month-to-month,Bank transfer,Fiber optic,Tech support,No
C10363,47,59.74,2795.51,Month-to-month,Mailed check,DSL,Tech support,Yes
C10364,0,67.99,43.63,Month-to-month,Electronic check,Fiber optic,Device protection,No
C10365,15,88.6,1346.51,One year,Bank transfer,DSL,Tech support,No
C10366,60,21.74,1266.0,Month-to-month,Credit card,DSL,None,No
C10367,63,52.31,3249.76,Two year,Electronic check,Fiber optic,Tech support,Yes
C10368,62,117.31,7279.68,Month-to-month,Bank transfer,DSL,Tech support,No
C10369,68,78.01,5347.7,Month-to-month,Credit card,DSL,Tech support,No
C10370,21,45.42,988.24,Month-to-month,Bank transfer,DSL,Online security,Yes
C10371,66,72.17,4780.8,Month-to-month,Electronic check,DSL,None,Yes
C10372,25,54.27,1320.66,One year,Electronic check,No,None,No
C10373,15,73.22,1073.72,One year,Electronic check,Fiber optic,Device protection,No
C10374,50,32.57,1666.05,Month-to-month,Mailed check,Fiber optic,Device protection,No
C10375,56,33.27,1831.4,Month-to-month,Bank transfer,No,Tech support,No
C10376,28,34.35,939.64,Month-to-month,Mailed check,Fiber optic,Online security,No
C10377,68,113.98,7713.6,One year,Electronic check,Fiber optic,Device protection,Yes
C10378,46,93.29,4308.95,Month-to-month,Credit card,Fiber optic,Device protection,Yes
C10379,61,36.24,2255.04,Month-to-month,Bank transfer,Fiber optic,Tech support,No
C10380,68,38.83,2617.34,Month-to-month,Mailed check,Fiber optic,Tech support,No
C10381,15,93.08,1393.74,Two year,Bank transfer,No,Device protection,No
C10382,47,35.62,1687.57,Month-to-month,Credit card,Fiber optic,Device protection,No
C10383,38,43.46,1701.43,Month-to-month,Mailed check,Fiber optic,None,No
C10384,32,116.33,3683.04,One year,Electronic check,No,Online security,No
C10385,22,45.53,1001.52,Month-to-month,Mailed check,No,None,No
C10386,9,86.16,763.95,Month-to-month,Bank transfer,Fiber optic,Device protection,Yes
C10387,68,117.86,8051.06,Two year,Bank transfer,Fiber optic,None,Yes
C10388,33,57.43,1892.79,One year,Bank transfer,DSL,None,No
C10389,51,21.75,1070.35,Month-to-month,Bank transfer,DSL,Device protection,Yes
C10390,9,44.41,413.13,Month-to-month,Electronic check,DSL,Tech support,No
C10391,18,103.09,1882.7,Month-to-month,Mailed check,No,Device protection,No
C10392,57,106.46,6018.51,One year,Electronic check,DSL,Tech support,No
C10393,0,96.85,35.9,Month-to-month,Electronic check,Fiber optic,Device protection,Yes
C10394,68,31.31,2097.68,One year,Electronic check,DSL,Device protection,Yes
C10395,3,99.55,303.86,Month-to-month,Bank transfer,Fiber optic,Device protection,Yes
C10396,15,111.87,1669.63,Month-to-month,Bank transfer,DSL,Online security,No
C10397,23,80.06,1863.35,One year,Bank transfer,DSL,Tech support,No
C10398,1,114.09,101.21,Two year,Mailed check,Fiber optic,Online security,No
C10399,31,102.68,3220.06,Month-to-month,Credit card,Fiber optic,Device protection,No
C10400,23,86.7,2017.15,Month-to-month,Bank transfer,Fiber optic,None,No
C10401,11,77.72,869.69,Month-to-month,Mailed check,Fiber optic,Online security,No
C10402,49,54.86,2717.76,One year,Bank transfer,DSL,Tech support,Yes
C10403,34,35.93,1247.02,Two year,Bank transfer,Fiber optic,Device protection,No
C10404,32,80.5,2529.59,Month-to-month,Electronic check,DSL,Online security,No
C10405,32,51.81,1647.39,One year,Electronic check,Fiber optic,None,No
C10406,60,106.64,6441.48,Month-to-month,Electronic check,DSL,Online security,No
C10407,50,119.33,5929.07,Month-to-month,Mailed check,DSL,Tech support,No
C10408,42,95.24,4023.79,Month-to-month,Credit card,DSL,Online security,No
C10409,11,29.05,367.01,Month-to-month,Credit card,Fiber optic,None,No
C10410,66,48.87,3180.64,Month-to-month,Mailed check,No,None,No
C10411,64,30.91,1996.46,Month-to-month,Bank transfer,Fiber optic,Tech support,No
C10412,32,85.05,2718.42,Month-to-month,Mailed check,Fiber optic,None,Yes
C10413,39,96.52,3772.2,Two year,Bank transfer,Fiber optic,Device protection,No
C10414,42,112.57,4686.47,Month-to-month,Mailed check,Fiber optic,None,No
C10415,43,63.82,2698.56,Month-to-month,Mailed check,No,Device protection,No
C10416,28,110.14,3100.61,Month-to-month,Mailed check,Fiber optic,Online security,Yes
C10417,12,107.79,1325.81,One year,Credit card,DSL,Device protection,No
C10418,11,51.72,597.12,Month-to-month,Electronic check,DSL,Device protection,Yes
C10419,45,106.89,4814.43,Month-to-month,Mailed check,Fiber optic,Online security,Yes
C10420,1,57.57,17.56,Two year,Credit card,DSL,None,Yes
C10421,34,49.69,1708.26,Month-to-month,Electronic check,Fiber optic,Device protection,No
C10422,7,84.91,568.56,Month-to-month,Electronic check,Fiber optic,None,Yes
C10423,25,52.84,1362.11,One year,Mailed check,Fiber optic,Online security,No
C10424,33,83.02,2773.49,Month-to-month,Bank transfer,No,Tech support,Yes
C10425,6,80.98,506.82,Month-to-month,Bank transfer,No,None,Yes
C10426,67,76.34,5159.66,Month-to-month,Bank transfer,Fiber optic,None,No
C10427,57,58.04,3261.42,Month-to-month,Mailed check,Fiber optic,Tech support,No
C10428,28,74.85,2119.42,Month-to-month,Bank transfer,DSL,Tech support,No
C10429,35,79.65,2770.77,Month-to-month,Credit card,Fiber optic,Online security,No
C10430,20,74.57,1532.01,Month-to-month,Credit card,No,None,No
C10431,35,64.44,2232.07,Month-to-month,Credit card,DSL,None,No
C10432,9,21.47,215.72,One year,Credit card,Fiber optic,Online security,Yes
C10433,23,78.71,1848.09,Month-to-month,Electronic check,DSL,None,No
C10434,63,36.84,2275.09,Month-to-month,Credit card,Fiber optic,Device protection,Yes
C10435,48,84.26,4034.24,One year,Bank transfer,No,Device protection,No
C10436,35,95.93,3383.78,One year,Mailed check,No,Device protection,No
C10437,23,70.04,1606.41,Month-to-month,Bank transfer,Fiber optic,None,No
C10438,22,74.24,1610.01,Two year,Credit card,Fiber optic,Device protection,No
C10439,61,115.15,6996.13,Month-to-month,Electronic check,No,Device protection,No
C10440,36,104.72,3733.07,Month-to-month,Credit card,No,Online security,No
C10441,11,111.42,1261.33,One year,Mailed check,Fiber optic,Online security,No
C10442,54,101.38,5482.06,Month-to-month,Bank transfer,DSL,Tech support,No
C10443,12,30.89,328.32,Month-to-month,Mailed check,Fiber optic,Tech support,No
C10444,22,34.9,756.06,Month-to-month,Mailed check,Fiber optic,Tech support,Yes
C10445,29,72.66,2093.91,Month-to-month,Mailed check,No,Tech support,No
C10446,16,44.61,681.93,Month-to-month,Bank transfer,Fiber optic,Online security,No
C10447,61,67.67,4121.42,Two year,Credit card,No,Online security,No
C10448,12,59.44,696.49,Month-to-month,Mailed check,Fiber optic,Online security,No
C10449,58,74.94,4330.7,One year,Bank transfer,DSL,Device protection,Yes
C10450,18,94.69,1728.32,Month-to-month,Electronic check,Fiber optic,Device protection,Yes
C10451,48,91.55,4366.73,One year,Bank transfer,Fiber optic,Tech support,No
C10452,11,72.12,807.51,One year,Electronic check,DSL,Device protection,No
C10453,60,102.24,6141.46,One year,Bank transfer,Fiber optic,None,No
C10454,18,63.09,1142.43,Month-to-month,Credit card,Fiber optic,Online security,No
C10455,8,109.67,893.66,Month-to-month,Mailed check,Fiber optic,Tech support,Yes
C10456,70,27.13,1903.94,Month-to-month,Credit card,Fiber optic,Tech support,No
C10457,27,115.47,3155.62,One year,Bank transfer,DSL,None,No
C10458,51,85.47,4376.53,One year,Mailed check,Fiber optic,Device protection,No
C10459,15,58.01,874.85,Month-to-month,Electronic check,DSL,Tech support,No
C10460,68,39.72,2733.94,Month-to-month,Bank transfer,Fiber optic,Device protection,No
C10461,11,67.92,757.73,Month-to-month,Mailed check,Fiber optic,Device protection,No
C10462,24,39.46,926.15,Month-to-month,Electronic check,Fiber optic,None,No
C10463,51,36.63,1838.84,Month-to-month,Electronic check,Fiber optic,Tech support,No
C10464,52,81.74,4215.71,One year,Credit card,Fiber optic,Device protection,No
C10465,22,72.31,1630.77,Two year,Bank transfer,DSL,Device protection,No
C10466,15,87.01,1326.16,Month-to-month,Electronic check,DSL,None,No
C10467,56,112.96,6369.5,Month-to-month,Mailed check,Fiber optic,None,No
C10468,38,73.23,2793.07,Month-to-month,Electronic check,Fiber optic,Device protection,No
C10469,52,78.09,4058.02,Month-to-month,Electronic check,Fiber optic,None,No
C10470,41,28.96,1143.33,Month-to-month,Credit card,Fiber optic,Device protection,No
C10471,57,91.76,5247.48,Month-to-month,Credit card,Fiber optic,Tech support,No
C10472,38,59.99,2287.84,One year,Mailed check,Fiber optic,Online security,Yes
C10473,13,117.67,1578.73,Month-to-month,Credit card,Fiber optic,None,No
C10474,4,102.32,383.2,Month-to-month,Electronic check,Fiber optic,Online security,Yes
C10475,34,72.25,2459.57,Two year,Electronic check,Fiber optic,Device protection,Yes
C10476,17,32.32,564.54,One year,Credit card,Fiber optic,Device protection,Yes
C10477,8,105.94,861.98,Month-to-month,Electronic check,Fiber optic,Device protection,Yes
C10478,57,99.98,5704.99,Month-to-month,Electronic check,Fiber optic,Online security,No
C10479,16,38.46,643.05,Month-to-month,Mailed check,Fiber optic,Device protection,No
C10480,6,49.53,267.68,One year,Credit card,Fiber optic,None,No
C10481,45,99.34,4492.86,One year,Electronic check,Fiber optic,Tech support,No
C10482,12,38.52,474.21,One year,Credit card,Fiber optic,Tech support,No
C10483,39,111.78,4399.03,Month-to-month,Mailed check,Fiber optic,None,No
C10484,41,62.45,2595.17,One year,Credit card,Fiber optic,Tech support,No
C10485,8,28.7,211.11,Month-to-month,Electronic check,Fiber optic,Online security,No
C10486,49,101.57,4954.55,Month-to-month,Credit card,Fiber optic,Device protection,Yes
C10487,26,57.35,1539.27,Month-to-month,Electronic check,DSL,Device protection,No
C10488,65,72.65,4724.98,Month-to-month,Electronic check,Fiber optic,Device protection,No
C10489,4,31.23,165.56,Month-to-month,Electronic check,Fiber optic,Online security,Yes
C10490,28,20.26,533.67,One year,Mailed check,No,Online security,No
C10491,36,83.8,3031.08,Two year,Credit card,Fiber optic,Online security,No
C10492,37,71.52,2677.23,Month-to-month,Mailed check,Fiber optic,None,No
C10493,7,79.35,600.19,Month-to-month,Credit card,No,Online security,No
C10494,64,99.37,6343.41,Month-to-month,Mailed check,DSL,Tech support,No
C10495,16,84.66,1377.06,Month-to-month,Bank transfer,Fiber optic,None,No
C10496,70,37.48,2627.48,Month-to-month,Electronic check,Fiber optic,None,No
C10497,44,56.08,2423.58,Two year,Electronic check,Fiber optic,None,Yes
C10498,3,110.59,350.77,Month-to-month,Mailed check,Fiber optic,Online security,Yes
C10499,35,96.99,3413.66,Month-to-month,Bank transfer,DSL,None,No
C10500,69,75.66,5263.6,Month-to-month,Electronic check,Fiber optic,Online security,Yes
C10501,30,45.56,1366.53,One year,Credit card,Fiber optic,Online security,No
C10502,18,50.21,876.81,One year,Mailed check,No,None,No
C10503,60,93.2,5546.46,Two year,Electronic check,No,Device protection,No
C10504,53,105.12,5562.92,One year,Electronic check,Fiber optic,Device protection,No
C10505,38,87.14,3291.51,Month-to-month,Mailed check,DSL,None,No
C10506,18,100.95,1843.21,Month-to-month,Mailed check,Fiber optic,Device protection,No
C10507,38,96.67,3658.89,One year,Credit card,No,Tech support,No
C10508,66,34.97,2352.93,Month-to-month,Credit card,Fiber optic,Tech support,No
C10509,44,62.39,2791.39,Month-to-month,Electronic check,Fiber optic,Online security,Yes
C10510,12,35.3,435.69,Month-to-month,Electronic check,Fiber optic,Device protection,No
C10511,57,43.52,2523.51,Month-to-month,Mailed check,Fiber optic,Tech support,No
C10512,19,106.93,2057.76,Month-to-month,Electronic check,Fiber optic,None,No
C10513,71,67.29,4782.28,Month-to-month,Electronic check,DSL,Device protection,No
C10514,60,73.54,4380.43,One year,Mailed check,DSL,Tech support,No
C10515,38,37.84,1433.78,Month-to-month,Electronic check,Fiber optic,Tech support,Yes
C10516,0,51.23,6.09,Month-to-month,Electronic check,Fiber optic,None,No
C10517,2,43.02,122.44,Month-to-month,Bank transfer,Fiber optic,Online security,No
C10518,61,40.62,2475.95,Month-to-month,Credit card,No,None,No
C10519,62,83.8,5235.37,Month-to-month,Mailed check,No,Online security,No
C10520,24,45.69,1113.99,Month-to-month,Bank transfer,No,Tech support,No
C10521,55,83.2,4539.7,Month-to-month,Credit card,No,Online security,No
C10522,32,25.85,876.7,Month-to-month,Credit card,Fiber optic,Tech support,No
C10523,37,34.18,1267.38,Month-to-month,Credit card,Fiber optic,Tech support,No
C10524,5,47.45,226.44,Month-to-month,Bank transfer,DSL,Device protection,No
C10525,57,79.7,4558.81,Month-to-month,Bank transfer,No,Online security,No
C10526,43,87.58,3726.83,Month-to-month,Credit card,Fiber optic,Online security,Yes
C10527,44,64.27,2841.53,Month-to-month,Electronic check,Fiber optic,Online security,No
C10528,31,64.58,2001.8,Month-to-month,Electronic check,DSL,None,No
C10529,44,92.45,4058.47,Month-to-month,Bank transfer,Fiber optic,Device protection,No
C10530,60,21.58,1340.1,Month-to-month,Bank transfer,Fiber optic,Device protection,No
C10531,46,54.11,2491.31,Month-to-month,Bank transfer,DSL,Device protection,Yes
C10532,20,101.87,2009.31,One year,Credit card,Fiber optic,None,No
C10533,35,80.32,2807.1,One year,Electronic check,Fiber optic,Online security,No
C10534,18,53.72,1008.9,One year,Bank transfer,DSL,Online security,No
C10535,19,110.55,2068.06,One year,Bank transfer,DSL,Online security,No
C10536,56,97.26,5417.96,Month-to-month,Mailed check,No,Device protection,No
C10537,17,46.49,741.63,One year,Credit card,Fiber optic,Device protection,Yes
C10538,46,84.53,3839.8,Month-to-month,Mailed check,Fiber optic,Tech support,No
C10539,48,79.58,3852.78,Month-to-month,Electronic check,DSL,None,No
C10540,13,60.12,804.77,Month-to-month,Mailed check,Fiber optic,None,Yes
C10541,14,56.7,779.3,Month-to-month,Mailed check,Fiber optic,Device protection,No
C10542,30,54.36,1650.63,Two year,Mailed check,DSL,Tech support,No
C10543,0,81.72,0.0,Month-to-month,Credit card,Fiber optic,Online security,Yes
C10544,53,64.24,3450.01,One year,Electronic check,Fiber optic,Device protection,No
C10545,2,103.19,253.09,Month-to-month,Mailed check,Fiber optic,None,Yes
C10546,15,86.96,1293.68,Month-to-month,Credit card,Fiber optic,None,No
C10547,56,26.99,1546.86,Month-to-month,Electronic check,Fiber optic,None,No
C10548,11,84.02,951.53,Month-to-month,Bank transfer,Fiber optic,Online security,Yes
C10549,15,47.11,687.65,One year,Mailed check,DSL,None,No
C10550,71,79.28,5602.08,Month-to-month,Electronic check,No,Online security,No
C10551,23,88.01,2020.05,Month-to-month,Mailed check,Fiber optic,Online security,No
C10552,27,43.08,1191.29,One year,Bank transfer,Fiber optic,Online security,No
C10553,7,65.69,505.85,Month-to-month,Electronic check,Fiber optic,Device protection,No
C10554,35,39.03,1392.41,Two year,Credit card,Fiber optic,Online security,Yes
C10555,7,25.23,212.13,Month-to-month,Electronic check,DSL,Tech support,No
C10556,57,57.85,3307.76,Month-to-month,Credit card,DSL,None,Yes
C10557,59,56.29,3354.65,Month-to-month,Electronic check,DSL,Device protection,No
C10558,49,119.55,5886.39,Month-to-month,Credit card,Fiber optic,None,No
C10559,27,64.64,1732.98,Month-to-month,Bank transfer,Fiber optic,Online security,Yes
C10560,40,53.36,2139.6,Month-to-month,Bank transfer,Fiber optic,Device protection,No
C10561,63,78.05,4947.63,One year,Bank transfer,Fiber optic,Tech support,Yes
C10562,26,28.88,705.49,One year,Electronic check,DSL,Online security,No
C10563,62,116.17,7233.35,Month-to-month,Bank transfer,No,None,No
C10564,16,83.5,1303.79,Month-to-month,Mailed check,Fiber optic,Tech support,No
C10565,32,95.48,3056.83,Month-to-month,Bank transfer,DSL,Online security,No
C10566,28,37.05,1068.23,Month-to-month,Credit card,Fiber optic,Tech support,Yes
C10567,12,60.95,706.78,One year,Credit card,Fiber optic,Online security,No
C10568,45,62.27,2776.73,Month-to-month,Credit card,DSL,Device protection,Yes
C10569,34,102.18,3464.4,Month-to-month,Electronic check,Fiber optic,Online security,No
C10570,5,20.12,140.06,Month-to-month,Mailed check,Fiber optic,Device protection,Yes
C10571,68,50.09,3356.16,Two year,Bank transfer,DSL,Online security,No
C10572,46,118.12,5473.66,Month-to-month,Mailed check,No,Online security,No
C10573,24,67.49,1585.14,Month-to-month,Mailed check,Fiber optic,None,No
C10574,65,58.25,3835.26,Month-to-month,Credit card,Fiber optic,Tech support,No
C10575,9,31.98,333.3,Month-to-month,Credit card,No,Tech support,No
C10576,55,117.42,6457.57,Month-to-month,Credit card,DSL,Tech support,Yes
C10577,29,22.0,639.27,Month-to-month,Electronic check,DSL,Online security,Yes
C10578,4,93.72,373.03,One year,Mailed check,Fiber optic,Online security,No
C10579,32,96.86,3113.06,Month-to-month,Mailed check,No,Online security,No
C10580,64,44.37,2798.75,Month-to-month,Electronic check,Fiber optic,Device protection,No
C10581,17,87.16,1434.98,Two year,Electronic check,DSL,Device protection,Yes
C10582,48,29.29,1361.69,One year,Electronic check,Fiber optic,None,No
C10583,10,45.7,451.44,Month-to-month,Mailed check,DSL,Online security,Yes
C10584,25,98.79,2447.3,Month-to-month,Mailed check,Fiber optic,Tech support,No
C10585,62,106.47,6613.34,Month-to-month,Credit card,Fiber optic,Tech support,No
C10586,58,80.85,4738.54,One year,Credit card,Fiber optic,None,Yes
C10587,26,70.68,1826.31,Month-to-month,Mailed check,Fiber optic,Tech support,No
C10588,48,35.93,1732.02,Month-to-month,Credit card,DSL,None,No
C10589,32,26.31,833.48,Month-to-month,Electronic check,No,Online security,No
C10590,0,31.76,34.73,Month-to-month,Bank transfer,No,Tech support,Yes
C10591,20,42.74,895.02,Month-to-month,Credit card,Fiber optic,Online security,No
C10592,54,54.17,2962.92,Month-to-month,Mailed check,DSL,Device protection,No
C10593,5,58.09,337.89,Month-to-month,Credit card,DSL,Tech support,No
C10594,68,54.63,3667.59,Month-to-month,Credit card,Fiber optic,Device protection,No
C10595,4,43.91,209.62,Month-to-month,Credit card,Fiber optic,Tech support,Yes
C10596,2,70.97,167.12,Month-to-month,Bank transfer,DSL,Online security,Yes
C10597,52,102.53,5304.43,Month-to-month,Electronic check,No,None,No
C10598,22,47.97,1100.97,Month-to-month,Mailed check,DSL,Online security,Yes
C10599,52,114.24,5905.3,Month-to-month,Bank transfer,Fiber optic,Online security,No
C10600,36,107.33,3881.83,One year,Mailed check,Fiber optic,Online security,No
C10601,16,36.18,551.37,One year,Mailed check,Fiber optic,Tech support,No
C10602,0,98.63,0.0,One year,Mailed check,DSL,None,No
C10603,50,77.46,3894.92,Month-to-month,Bank transfer,DSL,Device protection,No
C10604,44,76.66,3379.37,Month-to-month,Electronic check,Fiber optic,Online security,No
C10605,3,59.1,170.05,Month-to-month,Mailed check,No,Tech support,Yes
C10606,61,70.12,4259.95,Month-to-month,Electronic check,Fiber optic,Device protection,No
C10607,64,59.72,3856.05,Month-to-month,Electronic check,No,Online security,No
C10608,31,73.97,2257.45,Two year,Credit card,Fiber optic,Device protection,No
C10609,33,82.8,2725.41,Month-to-month,Bank transfer,Fiber optic,Online security,No
C10610,71,87.43,6247.91,Month-to-month,Bank transfer,Fiber optic,Device protection,Yes
C10611,38,73.25,2818.08,One year,Credit card,Fiber optic,Device protection,No
C10612,25,92.14,2293.59,Two year,Credit card,Fiber optic,None,No
C10613,33,34.13,1152.6,One year,Electronic check,DSL,None,No
C10614,53,41.2,2215.92,Month-to-month,Mailed check,DSL,Online security,No
C10615,2,101.87,242.63,Month-to-month,Bank transfer,DSL,Tech support,Yes
C10616,49,52.25,2564.7,Month-to-month,Mailed check,Fiber optic,None,No
C10617,11,22.29,215.64,Month-to-month,Mailed check,Fiber optic,Device protection,No
C10618,64,35.38,2239.85,Month-to-month,Credit card,Fiber optic,None,No
C10619,53,42.36,2224.65,Month-to-month,Mailed check,DSL,None,No
C10620,4,115.73,472.3,Two year,Electronic check,Fiber optic,Online security,Yes
C10621,56,77.3,4282.08,Month-to-month,Credit card,No,None,No
C10622,16,113.27,1825.92,One year,Mailed check,DSL,None,No
C10623,46,77.52,3552.36,One year,Credit card,Fiber optic,Device protection,No
C10624,22,67.94,1474.2,Month-to-month,Electronic check,Fiber optic,None,No
C10625,13,51.37,705.76,One year,Electronic check,Fiber optic,Device protection,No
C10626,65,80.64,5237.6,Month-to-month,Mailed check,Fiber optic,None,Yes
C10627,50,33.92,1655.51,Month-to-month,Credit card,No,None,No
C10628,37,109.83,4096.38,One year,Mailed check,No,Tech support,No
C10629,63,102.93,6439.35,Month-to-month,Mailed check,Fiber optic,None,No
C10630,37,51.75,1937.42,Two year,Credit card,DSL,Device protection,No
C10631,49,115.28,5676.11,Month-to-month,Mailed check,DSL,Device protection,Yes
C10632,29,102.52,2958.34,Month-to-month,Electronic check,DSL,Online security,No
C10633,50,86.63,4363.98,Month-to-month,Credit card,Fiber optic,Online security,No
C10634,62,32.18,1996.73,Month-to-month,Credit card,Fiber optic,Tech support,Yes
C10635,51,67.82,3455.15,Month-to-month,Credit card,Fiber optic,Device protection,No
C10636,37,70.61,2567.11,Month-to-month,Credit card,DSL,Device protection,No
C10637,29,43.26,1233.54,One year,Mailed check,Fiber optic,Device protection,No
C10638,50,28.0,1443.1,One year,Mailed check,Fiber optic,Tech support,No
C10639,4,97.67,379.86,Month-to-month,Electronic check,No,Device protection,Yes
C10640,28,32.2,906.27,One year,Bank transfer,DSL,Online security,Yes
C10641,3,79.43,241.49,One year,Bank transfer,No,Tech support,Yes
C10642,9,113.64,1031.8,One year,Electronic check,Fiber optic,Online security,No
C10643,55,107.61,5874.68,Month-to-month,Bank transfer,Fiber optic,Online security,No
C10644,16,47.78,750.7,Month-to-month,Electronic check,No,Tech support,No
C10645,16,105.14,1704.55,One year,Mailed check,Fiber optic,None,No
C10646,68,20.03,1332.1,Month-to-month,Credit card,Fiber optic,None,Yes
C10647,33,21.77,688.77,One year,Credit card,Fiber optic,Online security,No
C10648,5,80.26,352.31,Month-to-month,Mailed check,Fiber optic,None,Yes
C10649,52,56.48,2930.71,Month-to-month,Credit card,Fiber optic,Device protection,Yes
C10650,65,58.65,3850.52,Month-to-month,Credit card,No,Tech support,No
C10651,42,76.44,3165.67,Month-to-month,Bank transfer,No,Online security,No
C10652,22,39.18,831.07,Month-to-month,Mailed check,No,Device protection,No
C10653,54,41.18,2204.73,One year,Bank transfer,Fiber optic,None,No
C10654,15,68.46,1050.07,Month-to-month,Bank transfer,Fiber optic,Device protection,Yes
C10655,7,95.43,682.07,One year,Credit card,Fiber optic,None,Yes
C10656,3,81.95,237.44,One year,Credit card,No,Online security,No
C10657,3,49.74,175.13,Month-to-month,Mailed check,Fiber optic,Device protection,Yes
C10658,55,63.03,3477.61,One year,Credit card,DSL,Tech support,No
C10659,24,37.07,929.28,Two year,Credit card,DSL,Online security,Yes
C10660,66,27.46,1844.16,One year,Mailed check,Fiber optic,Device protection,No
C10661,66,98.27,6461.1,One year,Credit card,Fiber optic,Device protection,Yes
C10662,26,46.54,1187.18,Two year,Bank transfer,No,None,Yes
C10663,31,37.78,1133.72,Month-to-month,Mailed check,No,Online security,No
C10664,49,89.16,4352.54,Month-to-month,Credit card,Fiber optic,Online security,No
C10665,60,81.81,4958.55,One year,Electronic check,Fiber optic,Online security,Yes
C10666,50,83.32,4156.58,Month-to-month,Mailed check,No,Online security,No
C10667,18,42.89,744.07,Month-to-month,Mailed check,Fiber optic,None,No
C10668,20,43.26,891.45,Month-to-month,Electronic check,Fiber optic,Tech support,No
C10669,4,42.08,172.57,One year,Credit card,Fiber optic,Online security,No
C10670,41,37.38,1497.54,Month-to-month,Credit card,Fiber optic,None,Yes
C10671,60,85.57,5122.27,Two year,Mailed check,Fiber optic,Tech support,No
C10672,21,104.8,2192.25,Month-to-month,Mailed check,Fiber optic,Tech support,No
C10673,20,92.43,1873.98,Month-to-month,Credit card,Fiber optic,None,No
C10674,69,99.21,6797.56,Month-to-month,Credit card,Fiber optic,Online security,No
C10675,0,60.48,0.0,Month-to-month,Bank transfer,No,Tech support,No
C10676,4,85.41,343.4,One year,Mailed check,DSL,Online security,No
C10677,11,55.42,586.5,Two year,Mailed check,DSL,Online security,No
C10678,45,72.55,3277.59,One year,Electronic check,DSL,Device protection,No
C10679,33,68.16,2247.47,Month-to-month,Bank transfer,Fiber optic,Online security,Yes
C10680,48,37.69,1795.29,Month-to-month,Credit card,Fiber optic,Device protection,No
C10681,44,58.71,2628.16,One year,Bank transfer,No,Tech support,Yes
C10682,26,116.38,3039.1,Two year,Credit card,Fiber optic,None,No
C10683,25,44.86,1084.49,Month-to-month,Credit card,Fiber optic,Device protection,No
C10684,46,33.38,1541.49,Month-to-month,Bank transfer,DSL,None,No
C10685,55,61.86,3430.37,Month-to-month,Mailed check,Fiber optic,Tech support,No
C10686,62,99.03,6160.71,One year,Credit card,Fiber optic,Online security,Yes
C10687,47,78.21,3643.08,Month-to-month,Bank transfer,No,Tech support,Yes
C10688,60,88.1,5333.24,Month-to-month,Electronic check,No,None,No
C10689,25,38.97,969.13,Month-to-month,Bank transfer,Fiber optic,Tech support,Yes
C10690,35,81.89,2832.05,One year,Electronic check,No,Online security,No
C10691,0,52.35,0.0,Month-to-month,Credit card,DSL,Tech support,No
C10692,7,103.43,683.83,Month-to-month,Bank transfer,DSL,Online security,Yes
C10693,51,82.93,4259.78,Month-to-month,Bank transfer,Fiber optic,Device protection,No
C10694,46,39.89,1797.14,Month-to-month,Electronic check,Fiber optic,None,No
C10695,55,26.46,1417.81,Month-to-month,Bank transfer,DSL,Online security,No
C10696,13,24.26,350.43,One year,Bank transfer,No,Online security,No
C10697,27,57.14,1527.24,One year,Credit card,DSL,Tech support,No
C10698,1,46.59,46.59,One year,Bank transfer,Fiber optic,Device protection,No
C10699,25,84.61,2070.44,One year,Mailed check,Fiber optic,Online security,Yes
C10700,13,69.93,873.31,Month-to-month,Electronic check,DSL,Device protection,Yes
C10701,58,46.6,2674.14,One year,Bank transfer,Fiber optic,Device protection,No
C10702,55,34.92,1937.11,Month-to-month,Electronic check,Fiber optic,Tech support,No
C10703,6,32.72,162.05,One year,Electronic check,Fiber optic,Online security,No
C10704,2,106.47,174.83,Two year,Electronic check,Fiber optic,Tech support,No
C10705,22,44.35,1002.17,Month-to-month,Bank transfer,DSL,None,No
C10706,17,85.17,1465.0,Month-to-month,Bank transfer,DSL,None,No
C10707,37,101.07,3733.12,Month-to-month,Electronic check,Fiber optic,Online security,No
C10708,14,81.41,1144.67,Month-to-month,Mailed check,Fiber optic,Device protection,No
C10709,63,105.96,6656.68,Month-to-month,Electronic check,DSL,Online security,No
C10710,27,59.24,1597.73,One year,Mailed check,Fiber optic,Online security,No
C10711,38,115.62,4394.23,Two year,Electronic check,Fiber optic,None,No
C10712,56,33.31,1854.08,Month-to-month,Credit card,No,None,No
C10713,16,30.21,524.02,Month-to-month,Electronic check,Fiber optic,Device protection,No
C10714,43,85.87,3644.02,Month-to-month,Electronic check,No,Device protection,Yes
C10715,24,114.28,2770.94,One year,Bank transfer,Fiber optic,Online security,No
C10716,16,100.89,1576.68,Month-to-month,Mailed check,DSL,Tech support,No
C10717,12,27.64,361.43,Month-to-month,Credit card,Fiber optic,Online security,No
C10718,24,47.94,1162.15,Month-to-month,Mailed check,No,Device protection,No
C10719,67,113.03,7607.34,Month-to-month,Credit card,Fiber optic,Tech support,No
C10720,9,45.31,367.54,Month-to-month,Electronic check,Fiber optic,None,No
C10721,66,98.12,6481.82,One year,Bank transfer,No,Device protection,No
C10722,17,102.51,1742.78,Month-to-month,Bank transfer,Fiber optic,Device protection,No
C10723,33,69.55,2315.77,One year,Mailed check,Fiber optic,Tech support,No
C10724,7,58.63,413.84,Month-to-month,Bank transfer,Fiber optic,Device protection,No
C10725,39,65.01,2539.46,One year,Mailed check,DSL,Device protection,No
C10726,41,42.7,1743.66,One year,Mailed check,Fiber optic,Device protection,No
C10727,40,108.94,4338.48,Month-to-month,Credit card,Fiber optic,Device protection,No
C10728,5,65.06,323.53,Month-to-month,Mailed check,DSL,Device protection,No
C10729,51,108.25,5482.6,Month-to-month,Credit card,Fiber optic,Device protection,No
C10730,25,30.57,810.4,One year,Bank transfer,No,Device protection,No
C10731,63,118.83,7507.73,Month-to-month,Mailed check,No,Device protection,No
C10732,58,64.33,3776.39,Two year,Mailed check,DSL,None,No
C10733,55,24.78,1335.57,Month-to-month,Electronic check,DSL,Device protection,No
C10734,58,23.8,1418.33,One year,Mailed check,DSL,None,Yes
C10735,69,94.62,6559.66,One year,Mailed check,Fiber optic,None,Yes
C10736,32,85.9,2766.52,One year,Electronic check,DSL,Online security,No
C10737,52,100.21,5223.42,Month-to-month,Electronic check,Fiber optic,Online security,No
C10738,21,30.54,622.99,Month-to-month,Bank transfer,Fiber optic,None,Yes
C10739,20,23.56,502.84,One year,Mailed check,DSL,None,No
C10740,69,70.86,4889.49,Month-to-month,Bank transfer,Fiber optic,Device protection,No
C10741,69,58.76,4011.53,Month-to-month,Bank transfer,No,Online security,No
C10742,3,66.19,179.86,Month-to-month,Electronic check,Fiber optic,Tech support,No
C10743,61,119.16,7312.29,Month-to-month,Credit card,DSL,Online security,No
C10744,61,117.07,7176.34,Month-to-month,Bank transfer,Fiber optic,None,No
C10745,23,114.23,2675.48,Month-to-month,Credit card,DSL,None,No
C10746,54,98.38,5325.32,Month-to-month,Mailed check,DSL,Device protection,Yes
C10747,8,55.48,418.59,One year,Electronic check,DSL,Device protection,No
C10748,2,61.21,88.7,One year,Mailed check,Fiber optic,Online security,No
C10749,30,74.96,2217.49,One year,Mailed check,Fiber optic,Device protection,Yes
C10750,39,103.05,3970.93,Two year,Electronic check,Fiber optic,Tech support,No
C10751,35,26.87,929.52,Month-to-month,Mailed check,DSL,Tech support,No
C10752,23,62.43,1405.03,Month-to-month,Electronic check,No,Device protection,No
C10753,5,28.26,132.47,Month-to-month,Credit card,Fiber optic,Tech support,No
C10754,65,71.47,4689.05,Month-to-month,Mailed check,DSL,Tech support,No
C10755,3,109.89,322.72,Two year,Electronic check,No,Online security,No
C10756,5,98.25,529.05,Month-to-month,Bank transfer,Fiber optic,Tech support,Yes
C10757,50,42.78,2149.55,Month-to-month,Mailed check,DSL,None,No
C10758,61,117.6,7148.31,Month-to-month,Credit card,DSL,None,Yes
C10759,56,86.74,4843.03,Month-to-month,Electronic check,Fiber optic,Online security,No
C10760,65,21.04,1325.99,One year,Mailed check,Fiber optic,Device protection,No
C10761,7,45.54,302.13,Month-to-month,Mailed check,Fiber optic,Online security,No
C10762,25,46.07,1169.5,Two year,Mailed check,No,Device protection,No
C10763,50,26.93,1303.71,Month-to-month,Credit card,No,Device protection,No
C10764,44,115.98,5073.66,Month-to-month,Electronic check,DSL,Device protection,No
C10765,43,67.83,2904.83,One year,Bank transfer,Fiber optic,Device protection,No
C10766,4,109.58,486.52,Month-to-month,Bank transfer,Fiber optic,Device protection,Yes
C10767,69,52.22,3631.67,Two year,Bank transfer,Fiber optic,Online security,No
C10768,25,32.52,836.35,Two year,Electronic check,Fiber optic,Device protection,No
C10769,67,67.43,4479.43,One year,Bank transfer,DSL,Tech support,No
C10770,18,31.4,593.3,One year,Credit card,No,Tech support,Yes
C10771,19,68.6,1331.93,Month-to-month,Electronic check,No,Device protection,No
C10772,11,112.03,1242.44,Two year,Mailed check,DSL,Tech support,Yes
C10773,46,72.08,3364.72,Month-to-month,Credit card,Fiber optic,None,No
C10774,0,81.65,0.0,One year,Mailed check,Fiber optic,Online security,No
C10775,13,35.66,507.71,Two year,Bank transfer,Fiber optic,Online security,Yes
C10776,63,24.37,1576.78,Two year,Credit card,DSL,Device protection,No
C10777,37,31.08,1101.11,One year,Electronic check,DSL,Device protection,No
C10778,36,79.85,2869.61,Month-to-month,Credit card,Fiber optic,None,No
C10779,10,29.5,342.71,Two year,Mailed check,Fiber optic,Device protection,No
C10780,2,57.6,75.51,Month-to-month,Electronic check,Fiber optic,Tech support,Yes
C10781,32,75.01,2405.1,Two year,Credit card,Fiber optic,None,No
C10782,5,58.87,342.25,One year,Credit card,Fiber optic,Tech support,Yes
C10783,49,36.37,1787.68,Month-to-month,Credit card,Fiber optic,Online security,No
C10784,9,47.38,395.4,Month-to-month,Credit card,Fiber optic,Tech support,No
C10785,4,112.83,459.54,Month-to-month,Electronic check,No,Online security,Yes
C10786,22,87.6,1897.64,One year,Mailed check,DSL,Tech support,No
C10787,9,69.6,628.37,Month-to-month,Credit card,Fiber optic,Online security,Yes
C10788,43,21.27,872.01,Month-to-month,Electronic check,Fiber optic,Device protection,No
C10789,1,119.24,129.79,Month-to-month,Mailed check,Fiber optic,Tech support,Yes
C10790,12,87.15,1047.48,One year,Credit card,Fiber optic,Online security,No
C10791,39,51.69,2039.93,Month-to-month,Mailed check,Fiber optic,Tech support,No
C10792,1,107.93,121.0,Month-to-month,Mailed check,Fiber optic,None,Yes
C10793,64,45.84,2938.72,Month-to-month,Electronic check,DSL,Device protection,No
C10794,62,74.4,4631.78,Month-to-month,Mailed check,DSL,Online security,Yes
C10795,16,83.61,1302.15,Month-to-month,Electronic check,Fiber optic,None,No
C10796,8,42.11,346.42,Month-to-month,Credit card,DSL,Tech support,No
C10797,14,117.84,1616.97,Month-to-month,Mailed check,Fiber optic,None,No
C10798,23,94.82,2223.41,Two year,Mailed check,Fiber optic,Tech support,No
C10799,37,75.78,2760.69,One year,Bank transfer,DSL,Device protection,No
C10800,34,38.06,1287.08,Month-to-month,Credit card,DSL,None,No
C10801,48,25.39,1238.3,Two year,Credit card,No,Device protection,Yes
C10802,68,52.01,3532.48,Month-to-month,Bank transfer,DSL,Online security,No
C10803,61,95.32,5773.73,Month-to-month,Bank transfer,No,Tech support,No
C10804,59,46.93,2774.21,Month-to-month,Electronic check,No,Tech support,No
C10805,49,73.96,3638.2,Month-to-month,Electronic check,DSL,Device protection,Yes
C10806,8,92.79,762.7,Month-to-month,Mailed check,Fiber optic,Device protection,Yes
C10807,33,30.79,1003.4,Month-to-month,Mailed check,DSL,Online security,No
C10808,34,88.53,3016.39,Month-to-month,Mailed check,No,None,No
C10809,0,29.19,0.0,One year,Mailed check,DSL,Tech support,No
C10810,39,116.51,4561.1,Month-to-month,Electronic check,Fiber optic,Tech support,No
C10811,63,68.84,4345.28,Month-to-month,Credit card,DSL,Online security,No
C10812,21,35.07,739.05,Month-to-month,Mailed check,Fiber optic,Online security,No
C10813,59,54.24,3175.11,Month-to-month,Credit card,Fiber optic,Device protection,No
C10814,63,61.34,3814.62,Month-to-month,Mailed check,Fiber optic,Device protection,No
C10815,71,95.82,6770.63,Month-to-month,Bank transfer,DSL,None,Yes
C10816,10,94.34,905.11,One year,Mailed check,No,Online security,No
C10817,13,81.19,1050.38,Month-to-month,Mailed check,Fiber optic,None,Yes
C10818,59,30.59,1816.04,Month-to-month,Mailed check,Fiber optic,Online security,No
C10819,29,35.16,990.95,One year,Electronic check,Fiber optic,Tech support,No
C10820,34,29.38,1042.83,Month-to-month,Bank transfer,DSL,Online security,No
C10821,36,77.72,2748.59,Month-to-month,Mailed check,Fiber optic,Online security,Yes
C10822,4,107.71,458.07,One year,Mailed check,Fiber optic,Tech support,No
C10823,25,63.38,1597.02,Month-to-month,Credit card,Fiber optic,Online security,No
C10824,61,36.08,2188.24,Month-to-month,Bank transfer,Fiber optic,None,No
C10825,3,75.8,182.45,Month-to-month,Mailed check,Fiber optic,Device protection,No
C10826,41,101.18,4161.13,Month-to-month,Credit card,DSL,Device protection,No
C10827,17,94.17,1589.45,Month-to-month,Credit card,Fiber optic,None,No
C10828,39,108.15,4261.48,Month-to-month,Electronic check,DSL,Tech support,No
C10829,71,47.79,3397.29,Month-to-month,Credit card,Fiber optic,Online security,No
C10830,38,39.4,1541.17,Month-to-month,Mailed check,Fiber optic,None,No
C10831,13,107.98,1375.79,One year,Electronic check,Fiber optic,Device protection,No
C10832,31,85.76,2681.13,Month-to-month,Electronic check,DSL,Device protection,Yes
C10833,50,51.09,2566.22,Month-to-month,Mailed check,No,None,No
C10834,37,94.23,3510.45,Month-to-month,Bank transfer,No,Device protection,No
C10835,22,101.51,2204.69,One year,Credit card,DSL,None,No
C10836,62,81.5,5069.5,Month-to-month,Electronic check,Fiber optic,Device protection,No
C10837,14,88.79,1242.86,One year,Bank transfer,DSL,None,No
C10838,24,57.53,1405.0,Month-to-month,Mailed check,DSL,Online security,No
C10839,16,73.87,1164.62,Month-to-month,Credit card,Fiber optic,Online security,No
C10840,65,72.42,4746.31,Month-to-month,Credit card,DSL,Online security,No
C10841,52,104.8,5408.03,Month-to-month,Electronic check,Fiber optic,Online security,No
C10842,50,104.0,5230.72,Month-to-month,Credit card,Fiber optic,Device protection,No
C10843,38,103.27,3960.39,Month-to-month,Credit card,Fiber optic,Tech support,No
C10844,50,21.1,1086.73,Month-to-month,Credit card,Fiber optic,None,Yes
C10845,69,94.95,6552.82,Month-to-month,Credit card,Fiber optic,Tech support,No
C10846,5,95.87,473.19,One year,Mailed check,Fiber optic,Device protection,No
C10847,66,87.84,5847.07,Two year,Bank transfer,Fiber optic,Device protection,No
C10848,6,95.63,546.7,Month-to-month,Mailed check,Fiber optic,Tech support,Yes
C10849,50,104.2,5214.69,Month-to-month,Mailed check,DSL,Tech support,No
C10850,71,67.03,4776.2,Month-to-month,Electronic check,DSL,Device protection,No
C10851,41,70.21,2898.7,One year,Credit card,Fiber optic,Device protection,No
C10852,63,32.47,2016.01,Month-to-month,Mailed check,Fiber optic,None,No
C10853,14,58.54,834.96,Two year,Credit card,Fiber optic,Online security,No
C10854,28,84.34,2393.36,Month-to-month,Mailed check,No,Online security,No
C10855,32,98.04,3092.28,Month-to-month,Mailed check,Fiber optic,None,No
C10856,26,41.72,1125.87,Month-to-month,Electronic check,Fiber optic,Tech support,No
C10857,35,33.78,1135.25,One year,Bank transfer,Fiber optic,Device protection,No
C10858,28,86.3,2402.0,Month-to-month,Bank transfer,DSL,Tech support,No
C10859,37,20.19,698.61,Month-to-month,Mailed check,Fiber optic,Online security,Yes
C10860,56,37.84,2076.75,Two year,Electronic check,Fiber optic,Online security,No
C10861,26,22.91,636.78,Month-to-month,Credit card,Fiber optic,Tech support,No
C10862,54,36.69,1966.75,One year,Credit card,Fiber optic,Online security,Yes
C10863,32,38.13,1212.64,Month-to-month,Mailed check,DSL,Device protection,No
C10864,67,58.77,3909.12,One year,Bank transfer,No,None,No
C10865,65,60.23,3924.66,Month-to-month,Electronic check,DSL,Tech support,No
C10866,9,107.43,976.35,Month-to-month,Bank transfer,DSL,Device protection,Yes
C10867,4,71.01,271.26,One year,Credit card,Fiber optic,Device protection,No
C10868,37,92.34,3399.88,Month-to-month,Bank transfer,DSL,Online security,Yes
C10869,12,30.41,403.42,Month-to-month,Credit card,DSL,Device protection,Yes
C10870,30,42.54,1264.53,Month-to-month,Electronic check,Fiber optic,Tech support,No
C10871,46,90.29,4152.69,Month-to-month,Electronic check,No,Device protection,No
C10872,51,25.28,1267.61,Month-to-month,Mailed check,Fiber optic,None,No
C10873,55,68.66,3804.98,Month-to-month,Mailed check,Fiber optic,Device protection,Yes
C10874,14,79.94,1108.9,Month-to-month,Bank transfer,DSL,Device protection,No
C10875,28,80.21,2247.24,Month-to-month,Electronic check,DSL,None,Yes
C10876,7,22.29,131.37,Month-to-month,Electronic check,DSL,Device protection,No
C10877,4,52.21,257.61,Month-to-month,Mailed check,Fiber optic,Device protection,No
C10878,28,83.65,2321.35,One year,Credit card,DSL,Online security,No
C10879,46,34.9,1632.47,Two year,Bank transfer,Fiber optic,Tech support,Yes
C10880,67,89.54,5991.93,One year,Bank transfer,Fiber optic,Online security,No
C10881,44,94.59,4132.58,Month-to-month,Mailed check,No,Tech support,No
C10882,1,118.2,148.17,Month-to-month,Electronic check,DSL,None,Yes
C10883,26,40.98,1048.84,Month-to-month,Mailed check,Fiber optic,None,Yes
C10884,35,102.51,3624.37,Month-to-month,Mailed check,DSL,None,No
C10885,35,72.03,2562.58,Month-to-month,Mailed check,Fiber optic,Tech support,No
C10886,25,57.35,1469.73,Month-to-month,Mailed check,Fiber optic,Tech support,No
C10887,42,32.24,1307.58,Month-to-month,Credit card,Fiber optic,Tech support,No
C10888,26,93.55,2461.04,Two year,Credit card,No,None,No
C10889,68,43.59,2955.25,Month-to-month,Electronic check,Fiber optic,Tech support,No
C10890,19,57.14,1123.03,Month-to-month,Mailed check,DSL,Device protection,Yes
C10891,10,26.25,276.3,Month-to-month,Credit card,Fiber optic,Online security,Yes
C10892,37,100.14,3738.54,Month-to-month,Electronic check,DSL,None,No
C10893,5,96.66,483.24,One year,Mailed check,Fiber optic,Online security,No
C10894,71,93.36,6632.06,Month-to-month,Bank transfer,DSL,Device protection,No
C10895,22,49.94,1063.12,Month-to-month,Credit card,Fiber optic,Tech support,No
C10896,46,37.35,1746.5,Month-to-month,Electronic check,DSL,Online security,No
C10897,45,83.76,3761.14,Month-to-month,Bank transfer,No,Device protection,No
C10898,11,69.62,765.83,Month-to-month,Mailed check,DSL,Device protection,Yes
C10899,12,37.83,482.47,One year,Mailed check,Fiber optic,Online security,No
C10900,61,88.59,5413.87,One year,Mailed check,No,None,No
C10901,59,119.11,6997.6,One year,Credit card,Fiber optic,Online security,No
C10902,42,94.72,3987.26,Month-to-month,Electronic check,DSL,None,No
C10903,67,94.0,6288.76,One year,Bank transfer,No,Tech support,No
C10904,4,115.03,457.07,Month-to-month,Electronic check,Fiber optic,None,Yes
C10905,36,40.29,1403.27,Month-to-month,Credit card,Fiber optic,Tech support,Yes
C10906,71,76.55,5406.05,Month-to-month,Electronic check,Fiber optic,Online security,No
C10907,30,117.96,3516.9,Month-to-month,Credit card,DSL,Tech support,No
C10908,8,36.53,313.54,Month-to-month,Mailed check,DSL,Device protection,No
C10909,50,90.03,4452.65,One year,Bank transfer,Fiber optic,Tech support,Yes
C10910,28,78.58,2191.12,Month-to-month,Mailed check,Fiber optic,None,Yes
C10911,39,78.65,3109.75,Month-to-month,Electronic check,Fiber optic,None,No
C10912,40,89.77,3551.99,Month-to-month,Mailed check,Fiber optic,None,Yes
C10913,10,112.96,1131.24,One year,Bank transfer,Fiber optic,Tech support,Yes
C10914,22,98.26,2190.37,Two year,Mailed check,No,None,No
C10915,0,25.61,44.25,One year,Bank transfer,Fiber optic,None,No
C10916,45,105.27,4761.83,Month-to-month,Bank transfer,No,Device protection,No
C10917,20,42.55,873.06,Month-to-month,Mailed check,DSL,Tech support,Yes
C10918,35,57.69,2051.8,Month-to-month,Credit card,Fiber optic,Device protection,No
C10919,53,66.17,3501.63,Month-to-month,Electronic check,DSL,None,No
C10920,56,68.09,3843.62,Month-to-month,Credit card,Fiber optic,None,No
C10921,0,63.52,0.0,Month-to-month,Credit card,Fiber optic,None,No
C10922,62,113.74,7094.34,Month-to-month,Mailed check,Fiber optic,Tech support,No
C10923,53,90.6,4796.13,Two year,Electronic check,Fiber optic,Online security,No
C10924,54,83.12,4493.82,Month-to-month,Electronic check,Fiber optic,None,No
C10925,39,24.98,949.71,Month-to-month,Credit card,Fiber optic,None,No
C10926,14,110.39,1569.71,Month-to-month,Mailed check,Fiber optic,None,No
C10927,20,110.94,2176.46,Two year,Electronic check,Fiber optic,None,No
C10928,46,98.02,4546.18,One year,Credit card,Fiber optic,Tech support,No
C10929,52,20.7,1109.21,One year,Electronic check,Fiber optic,Online security,Yes
C10930,8,25.73,177.45,Two year,Mailed check,Fiber optic,Online security,No
C10931,51,42.52,2199.45,Month-to-month,Mailed check,Fiber optic,Online security,No
C10932,56,33.13,1883.92,Month-to-month,Mailed check,No,None,No
C10933,25,59.88,1510.22,Month-to-month,Electronic check,Fiber optic,None,No
C10934,40,112.26,4477.75,Month-to-month,Bank transfer,DSL,Online security,No
C10935,34,67.21,2262.29,Month-to-month,Electronic check,Fiber optic,Online security,No
C10936,62,21.34,1296.26,Month-to-month,Bank transfer,No,None,No
C10937,24,48.27,1140.34,Two year,Mailed check,Fiber optic,None,No
C10938,37,24.46,945.38,Two year,Credit card,No,Device protection,No
C10939,1,23.63,23.63,One year,Bank transfer,DSL,Device protection,No
C10940,6,47.57,318.31,One year,Mailed check,Fiber optic,Device protection,No
C10941,33,47.56,1554.37,One year,Mailed check,No,Online security,No
C10942,16,98.71,1581.52,Month-to-month,Bank transfer,Fiber optic,Tech support,No
C10943,42,117.48,4963.61,Month-to-month,Credit card,Fiber optic,None,Yes
C10944,58,57.12,3351.4,One year,Mailed check,DSL,Device protection,No
C10945,50,62.89,3128.98,One year,Bank transfer,No,Tech support,Yes
C10946,53,104.48,5533.62,Month-to-month,Credit card,Fiber optic,None,No
C10947,23,46.81,1068.08,Two year,Credit card,Fiber optic,Tech support,Yes
C10948,24,35.64,806.69,Month-to-month,Mailed check,DSL,Online security,No
C10949,70,105.31,7351.29,Month-to-month,Electronic check,DSL,Online security,Yes
C10950,51,24.65,1253.07,One year,Electronic check,No,Online security,No
C10951,69,81.97,5647.04,Month-to-month,Mailed check,DSL,Device protection,No
C10952,32,76.2,2460.59,Month-to-month,Credit card,Fiber optic,None,No
C10953,48,54.59,2608.8,Month-to-month,Mailed check,No,Online security,No
C10954,28,51.52,1441.5,One year,Bank transfer,Fiber optic,Device protection,No
C10955,62,97.19,6018.74,Month-to-month,Electronic check,Fiber optic,Device protection,No
C10956,21,28.64,625.5,One year,Bank transfer,Fiber optic,Device protection,No
C10957,25,43.68,1128.3,Month-to-month,Mailed check,DSL,Device protection,No
C10958,27,93.24,2520.67,Month-to-month,Mailed check,Fiber optic,Online security,No
C10959,48,74.83,3620.78,Two year,Credit card,DSL,Device protection,Yes
C10960,70,32.8,2275.68,Month-to-month,Credit card,Fiber optic,Online security,Yes
C10961,48,108.21,5198.22,Two year,Credit card,Fiber optic,Online security,No
C10962,19,59.34,1111.98,Month-to-month,Bank transfer,DSL,Device protection,No
C10963,62,102.79,6364.4,Two year,Credit card,Fiber optic,Online security,No
C10964,60,98.77,5949.44,Month-to-month,Mailed check,Fiber optic,None,No
C10965,48,82.44,3995.29,Month-to-month,Credit card,Fiber optic,None,Yes
C10966,70,69.45,4823.65,Month-to-month,Electronic check,No,Tech support,Yes
C10967,0,117.96,13.46,Month-to-month,Credit card,Fiber optic,None,Yes
C10968,12,34.5,422.21,Month-to-month,Bank transfer,Fiber optic,Online security,No
C10969,50,92.52,4587.84,Month-to-month,Electronic check,Fiber optic,Online security,Yes
C10970,55,39.12,2122.79,Month-to-month,Electronic check,Fiber optic,None,No
C10971,61,53.83,3264.73,Month-to-month,Electronic check,Fiber optic,Device protection,No
C10972,31,50.87,1543.66,Month-to-month,Bank transfer,Fiber optic,Device protection,No
C10973,29,114.7,3300.67,One year,Mailed check,Fiber optic,Online security,No
C10974,28,116.74,3245.48,Month-to-month,Credit card,No,Device protection,No
C10975,48,38.3,1821.97,Month-to-month,Electronic check,Fiber optic,Tech support,No
C10976,44,22.2,1001.74,Month-to-month,Electronic check,Fiber optic,Tech support,No
C10977,29,92.0,2675.19,One year,Electronic check,Fiber optic,None,No
C10978,15,61.8,975.62,Month-to-month,Mailed check,Fiber optic,None,No
C10979,39,28.88,1117.79,One year,Mailed check,DSL,Device protection,Yes
C10980,18,88.38,1616.23,Two year,Bank transfer,Fiber optic,Online security,No
C10981,17,74.51,1303.82,One year,Mailed check,Fiber optic,None,No
C10982,0,118.05,17.9,Month-to-month,Credit card,DSL,Tech support,Yes
C10983,46,42.74,1957.23,Month-to-month,Bank transfer,Fiber optic,None,Yes
C10984,65,60.4,3951.36,One year,Bank transfer,Fiber optic,None,No
C10985,37,74.25,2717.62,Month-to-month,Credit card,Fiber optic,Tech support,No
C10986,50,99.17,4941.26,Month-to-month,Credit card,Fiber optic,Online security,No
C10987,62,74.88,4647.23,Month-to-month,Credit card,Fiber optic,None,No
C10988,3,81.29,251.41,One year,Bank transfer,Fiber optic,None,No
C10989,0,42.61,0.0,Month-to-month,Bank transfer,DSL,None,No
C10990,7,104.69,777.34,One year,Bank transfer,No,Device protection,Yes
C10991,28,62.86,1779.74,Month-to-month,Credit card,Fiber optic,None,No
C10992,54,34.1,1840.97,Month-to-month,Credit card,Fiber optic,Tech support,No
C10993,2,86.42,216.15,Month-to-month,Electronic check,Fiber optic,Online security,Yes
C10994,31,41.61,1283.82,Month-to-month,Mailed check,Fiber optic,Online security,No
C10995,9,29.76,315.88,Two year,Electronic check,Fiber optic,Tech support,No
C10996,33,106.2,3505.83,One year,Credit card,No,Device protection,Yes
C10997,54,66.02,3526.51,One year,Bank transfer,DSL,Tech support,No
C10998,31,94.93,2969.31,Month-to-month,Credit card,No,Online security,No
C10999,49,49.06,2421.83,One year,Mailed check,No,Tech support,No
C11000,6,98.7,619.5,Month-to-month,Electronic check,Fiber optic,Device protection,Yes
C11001,7,31.19,263.47,Month-to-month,Electronic check,Fiber optic,Online security,No
C11002,64,55.6,3586.05,Month-to-month,Bank transfer,Fiber optic,Device protection,No
C11003,56,117.81,6608.49,Month-to-month,Electronic check,Fiber optic,Tech support,No
C11004,66,99.4,6596.13,One year,Electronic check,No,None,Yes
C11005,58,69.73,4061.66,Two year,Credit card,Fiber optic,Tech support,Yes
C11006,71,53.98,3823.39,Month-to-month,Electronic check,No,Device protection,Yes
C11007,53,107.21,5720.69,One year,Electronic check,Fiber optic,Tech support,No
C11008,66,74.48,4887.87,Month-to-month,Electronic check,No,None,Yes
C11009,50,95.84,4813.46,Month-to-month,Bank transfer,No,Device protection,Yes
C11010,7,95.41,706.03,Month-to-month,Bank transfer,DSL,Tech support,Yes
C11011,33,21.79,742.2,Month-to-month,Credit card,DSL,Device protection,No
C11012,34,32.63,1129.15,Month-to-month,Electronic check,Fiber optic,Device protection,Yes
C11013,31,85.96,2690.02,Month-to-month,Bank transfer,DSL,Online security,No
C11014,45,36.16,1623.71,One year,Bank transfer,No,Online security,No
C11015,15,45.55,720.67,One year,Credit card,DSL,Device protection,No
C11016,67,114.66,7652.56,Month-to-month,Mailed check,DSL,Tech support,No
C11017,36,76.02,2699.46,Two year,Electronic check,DSL,Tech support,No
C11018,53,95.07,5017.26,Month-to-month,Bank transfer,DSL,Tech support,No
C11019,13,75.8,988.56,Month-to-month,Credit card,Fiber optic,None,No
C11020,54,75.25,4064.56,One year,Credit card,DSL,Device protection,No
C11021,47,29.42,1414.8,Month-to-month,Credit card,Fiber optic,Device protection,No
C11022,6,54.37,316.68,Month-to-month,Bank transfer,Fiber optic,None,No
C11023,6,48.24,287.87,Month-to-month,Electronic check,Fiber optic,Device protection,No
C11024,32,59.07,1841.58,Month-to-month,Mailed check,Fiber optic,Device protection,No
C11025,22,99.83,2187.23,One year,Electronic check,Fiber optic,None,No
C11026,18,57.19,1044.2,Month-to-month,Credit card,Fiber optic,Online security,No
C11027,18,65.17,1124.61,Month-to-month,Credit card,Fiber optic,Device protection,No
C11028,35,59.74,2068.99,Month-to-month,Mailed check,Fiber optic,None,Yes
C11029,28,29.34,792.32,One year,Electronic check,Fiber optic,Tech support,Yes
C11030,59,64.11,3736.69,Month-to-month,Credit card,DSL,Online security,No
C11031,1,39.56,37.49,One year,Credit card,No,Tech support,Yes
C11032,0,38.67,0.0,Month-to-month,Electronic check,DSL,Device protection,No
C11033,46,29.4,1376.71,Month-to-month,Credit card,No,Online security,Yes
C11034,68,55.67,3820.35,Month-to-month,Electronic check,DSL,None,No
C11035,19,95.75,1823.81,Month-to-month,Credit card,Fiber optic,Device protection,No
C11036,10,47.64,524.57,Month-to-month,Electronic check,DSL,None,No
C11037,1,51.23,46.28,Month-to-month,Mailed check,DSL,Online security,No
C11038,66,84.27,5563.16,Two year,Credit card,Fiber optic,Tech support,Yes
C11039,11,39.58,484.3,Month-to-month,Mailed check,Fiber optic,Device protection,Yes
C11040,19,109.7,2057.45,One year,Credit card,DSL,Device protection,No
C11041,4,72.02,332.33,Month-to-month,Credit card,Fiber optic,None,No
C11042,36,64.76,2285.64,Month-to-month,Bank transfer,DSL,Online security,No
C11043,37,75.78,2798.5,Month-to-month,Electronic check,Fiber optic,None,No
C11044,8,36.6,249.8,Two year,Mailed check,DSL,Online security,No
C11045,52,81.35,4253.12,Month-to-month,Mailed check,Fiber optic,Device protection,No
C11046,43,56.31,2432.17,Month-to-month,Mailed check,Fiber optic,Online security,No
C11047,23,109.72,2544.22,Month-to-month,Electronic check,Fiber optic,Device protection,Yes
C11048,29,36.89,1057.26,Month-to-month,Bank transfer,DSL,Online security,No
C11049,58,70.71,4088.13,Month-to-month,Mailed check,DSL,Tech support,No
C11050,13,79.81,992.06,Month-to-month,Electronic check,No,Online security,Yes
C11051,8,23.34,171.71,Month-to-month,Credit card,Fiber optic,Tech support,No
C11052,39,56.37,2241.36,Month-to-month,Mailed check,DSL,Online security,Yes
C11053,65,93.26,6049.82,One year,Mailed check,Fiber optic,Online security,No
C11054,24,102.04,2482.1,Month-to-month,Bank transfer,Fiber optic,None,No
C11055,21,51.32,1111.95,Month-to-month,Mailed check,Fiber optic,None,No
C11056,3,99.86,286.9,Month-to-month,Mailed check,DSL,Device protection,Yes
C11057,25,116.78,2932.7,Month-to-month,Credit card,Fiber optic,None,No
C11058,57,105.69,5983.87,Month-to-month,Electronic check,Fiber optic,Online security,No
C11059,28,31.76,849.65,Month-to-month,Electronic check,DSL,None,No
C11060,36,93.97,3337.79,Month-to-month,Bank transfer,DSL,Online security,No
C11061,69,51.97,3594.03,Month-to-month,Credit card,Fiber optic,Tech support,No
C11062,17,118.84,2012.89,Month-to-month,Electronic check,Fiber optic,Online security,No
C11063,41,68.54,2814.94,Month-to-month,Credit card,Fiber optic,Device protection,Yes
C11064,40,32.24,1291.71,One year,Electronic check,Fiber optic,Tech support,No
C11065,37,92.52,3408.26,Month-to-month,Credit card,DSL,Device protection,Yes
C11066,33,52.3,1743.65,Month-to-month,Bank transfer,Fiber optic,Device protection,No
C11067,16,119.71,1941.21,Month-to-month,Mailed check,DSL,Device protection,No
C11068,36,117.98,4198.74,Month-to-month,Bank transfer,No,None,Yes
C11069,24,85.61,2025.36,Month-to-month,Electronic check,Fiber optic,Device protection,No
C11070,26,32.98,878.8,Month-to-month,Bank transfer,No,Tech support,No
C11071,56,88.69,4955.3,One year,Mailed check,Fiber optic,Online security,No
C11072,30,29.3,895.25,Month-to-month,Bank transfer,Fiber optic,Device protection,No
C11073,5,22.94,99.4,Month-to-month,Electronic check,Fiber optic,Tech support,No
C11074,39,102.3,3978.78,Month-to-month,Electronic check,Fiber optic,Device protection,Yes
C11075,11,40.98,416.65,Month-to-month,Bank transfer,Fiber optic,Online security,No
C11076,52,57.9,2986.62,Month-to-month,Mailed check,Fiber optic,Tech support,No
C11077,70,117.35,8225.04,One year,Bank transfer,DSL,Tech support,No
C11078,9,53.68,476.44,Month-to-month,Mailed check,No,Online security,No
C11079,44,49.65,2212.03,One year,Credit card,DSL,Tech support,No
C11080,16,111.82,1824.38,One year,Mailed check,Fiber optic,Online security,No
C11081,25,31.07,780.91,One year,Credit card,DSL,Tech support,No
C11082,61,95.96,5879.39,Month-to-month,Bank transfer,DSL,Tech support,Yes
C11083,45,118.81,5327.14,Month-to-month,Mailed check,DSL,Online security,No
C11084,63,110.13,6929.69,Month-to-month,Credit card,DSL,Online security,No
C11085,1,85.17,106.45,Month-to-month,Credit card,No,Tech support,Yes
C11086,53,51.41,2713.35,Month-to-month,Credit card,Fiber optic,Tech support,No
C11087,64,45.43,2916.37,One year,Electronic check,DSL,Online security,No
C11088,50,101.93,5065.04,Month-to-month,Bank transfer,Fiber optic,None,No
C11089,52,107.98,5624.94,Month-to-month,Credit card,No,Online security,Yes
C11090,35,72.54,2575.05,Month-to-month,Mailed check,Fiber optic,Tech support,No
C11091,25,44.43,1147.61,Month-to-month,Credit card,Fiber optic,Tech support,Yes
C11092,28,31.29,898.55,Month-to-month,Electronic check,Fiber optic,Tech support,No
C11093,20,28.72,598.98,One year,Bank transfer,DSL,Online security,Yes
C11094,10,91.91,924.89,One year,Electronic check,Fiber optic,Tech support,No
C11095,39,62.01,2426.86,One year,Electronic check,Fiber optic,None,No
C11096,10,110.54,1068.77,One year,Electronic check,No,Device protection,No
C11097,35,93.97,3283.34,One year,Mailed check,No,None,Yes
C11098,58,39.13,2264.62,Month-to-month,Bank transfer,Fiber optic,Online security,No
C11099,38,81.38,3138.29,One year,Bank transfer,Fiber optic,Tech support,No
C11100,53,63.55,3361.26,Month-to-month,Mailed check,DSL,Online security,No
C11101,54,77.72,4201.81,Month-to-month,Bank transfer,No,Device protection,No
C11102,23,93.81,2160.96,Month-to-month,Electronic check,Fiber optic,Online security,No
C11103,21,100.62,2126.7,Month-to-month,Bank transfer,DSL,Tech support,No
C11104,68,104.37,7121.98,Month-to-month,Mailed check,Fiber optic,Device protection,Yes
C11105,55,45.4,2469.5,Month-to-month,Electronic check,DSL,Device protection,Yes
C11106,32,23.11,742.39,Month-to-month,Mailed check,DSL,Tech support,No
C11107,35,93.93,3320.14,Two year,Credit card,Fiber optic,Tech support,Yes
C11108,19,30.63,578.28,Month-to-month,Electronic check,Fiber optic,Tech support,No
C11109,61,51.49,3118.74,Month-to-month,Electronic check,No,Online security,No
C11110,25,20.38,524.97,Month-to-month,Bank transfer,DSL,None,No
C11111,65,88.17,5763.43,Month-to-month,Electronic check,Fiber optic,Online security,Yes
C11112,39,36.71,1388.0,Two year,Mailed check,DSL,Online security,Yes
C11113,16,85.53,1396.16,Month-to-month,Bank transfer,DSL,None,No
C11114,0,119.17,32.16,Month-to-month,Credit card,Fiber optic,Tech support,Yes
C11115,60,27.27,1632.35,One year,Mailed check,DSL,Tech support,No
C11116,42,27.71,1212.15,Two year,Credit card,DSL,None,Yes
C11117,41,54.04,2244.31,Month-to-month,Credit card,No,None,Yes
C11118,24,106.64,2586.73,One year,Credit card,Fiber optic,Online security,Yes
C11119,38,41.55,1603.68,Month-to-month,Electronic check,Fiber optic,Device protection,No
C11120,34,56.04,1870.42,Month-to-month,Mailed check,Fiber optic,None,No
C11121,2,26.85,25.42,Month-to-month,Mailed check,DSL,Online security,Yes
C11122,43,96.32,4138.16,One year,Electronic check,DSL,Device protection,Yes
C11123,50,60.83,3017.9,Month-to-month,Bank transfer,No,Tech support,No
C11124,11,95.92,1046.64,Month-to-month,Credit card,DSL,Tech support,Yes
C11125,18,110.36,2025.33,Month-to-month,Mailed check,Fiber optic,Online security,No
C11126,43,43.28,1893.47,Month-to-month,Electronic check,No,Online security,Yes
C11127,58,100.74,5855.92,Month-to-month,Credit card,Fiber optic,None,No
C11128,48,25.91,1279.49,Two year,Bank transfer,DSL,Tech support,No
C11129,60,109.88,6621.18,Month-to-month,Bank transfer,Fiber optic,Online security,Yes
C11130,16,85.08,1354.18,Month-to-month,Credit card,DSL,Tech support,Yes
C11131,56,107.42,5985.63,One year,Bank transfer,DSL,Tech support,No
C11132,54,20.02,1082.5,Month-to-month,Mailed check,DSL,None,Yes
C11133,46,36.91,1721.48,Month-to-month,Mailed check,Fiber optic,Device protection,Yes
C11134,11,58.98,642.42,Month-to-month,Mailed check,Fiber optic,None,No
C11135,61,57.95,3551.63,Month-to-month,Bank transfer,DSL,Online security,No
C11136,7,42.67,258.12,Month-to-month,Mailed check,DSL,None,No
C11137,20,58.16,1188.0,Month-to-month,Electronic check,Fiber optic,None,No
C11138,69,32.88,2299.99,Month-to-month,Mailed check,No,Tech support,No
C11139,71,61.28,4371.56,Month-to-month,Mailed check,Fiber optic,None,No
C11140,24,100.24,2452.49,Two year,Bank transfer,Fiber optic,Online security,Yes
C11141,11,67.91,779.68,One year,Mailed check,DSL,Device protection,No
C11142,14,21.8,345.51,One year,Credit card,DSL,None,Yes
C11143,58,62.14,3647.48,One year,Electronic check,No,None,No
C11144,25,22.72,598.13,Month-to-month,Bank transfer,DSL,Device protection,No
C11145,25,116.62,2932.93,One year,Electronic check,Fiber optic,Online security,No
C11146,46,32.75,1457.07,Month-to-month,Credit card,Fiber optic,Online security,No
C11147,31,90.77,2810.45,One year,Bank transfer,Fiber optic,None,No
C11148,9,117.28,1062.64,Month-to-month,Bank transfer,Fiber optic,Tech support,Yes
C11149,15,102.6,1519.4,Month-to-month,Mailed check,DSL,None,No
C11150,70,89.93,6276.91,One year,Electronic check,Fiber optic,Device protection,No
C11151,16,103.95,1709.32,Two year,Credit card,Fiber optic,Device protection,No
C11152,22,118.18,2639.13,Month-to-month,Credit card,Fiber optic,Device protection,No
C11153,25,82.13,2088.17,One year,Bank transfer,Fiber optic,None,No
C11154,6,75.92,446.12,Month-to-month,Mailed check,Fiber optic,None,No
C11155,13,82.82,1028.03,Month-to-month,Bank transfer,No,Online security,Yes
C11156,6,73.27,397.64,Month-to-month,Bank transfer,DSL,Tech support,No
C11157,8,83.51,649.3,Month-to-month,Bank transfer,DSL,None,Yes
C11158,47,64.98,3005.63,Two year,Bank transfer,DSL,Online security,No
C11159,71,41.84,2922.35,One year,Credit card,Fiber optic,None,No
C11160,58,32.02,1898.82,One year,Credit card,No,Online security,No
C11161,38,26.83,1040.16,Month-to-month,Bank transfer,Fiber optic,Online security,Yes
C11162,17,46.33,768.51,Two year,Bank transfer,Fiber optic,Tech support,Yes
C11163,58,24.61,1390.64,Month-to-month,Mailed check,DSL,None,No
C11164,16,76.72,1228.68,One year,Bank transfer,Fiber optic,Online security,Yes
C11165,13,48.38,579.47,Month-to-month,Credit card,DSL,Device protection,No
C11166,30,102.45,3117.34,Month-to-month,Electronic check,Fiber optic,Device protection,No
C11167,23,27.42,622.14,One year,Credit card,DSL,Device protection,No
C11168,59,42.64,2505.99,Month-to-month,Mailed check,Fiber optic,Tech support,No
C11169,44,93.02,4081.94,Month-to-month,Credit card,Fiber optic,Online security,Yes
C11170,2,79.88,116.69,Month-to-month,Electronic check,DSL,Tech support,No
C11171,36,26.45,966.03,Month-to-month,Bank transfer,Fiber optic,None,No
C11172,42,107.72,4547.54,Month-to-month,Electronic check,Fiber optic,None,No
C11173,39,107.73,4219.08,Month-to-month,Bank transfer,Fiber optic,Online security,Yes
C11174,54,53.04,2828.0,Month-to-month,Bank transfer,DSL,Device protection,No
C11175,38,54.04,2061.4,Month-to-month,Credit card,DSL,Online security,No
C11176,14,118.9,1671.55,One year,Credit card,Fiber optic,Online security,No
C11177,3,82.62,284.7,Month-to-month,Credit card,No,Online security,Yes
C11178,24,73.13,1743.03,Two year,Mailed check,No,Tech support,Yes
C11179,12,103.82,1232.99,One year,Credit card,DSL,None,Yes
C11180,32,48.53,1564.81,Month-to-month,Mailed check,DSL,Online security,No
C11181,15,62.92,957.11,One year,Credit card,Fiber optic,Online security,No
C11182,41,46.78,1914.91,One year,Bank transfer,DSL,Online security,No
C11183,65,98.92,6424.11,Two year,Mailed check,Fiber optic,Tech support,No
C11184,54,77.33,4175.23,Month-to-month,Electronic check,Fiber optic,Tech support,No
C11185,41,85.88,3557.18,Month-to-month,Mailed check,No,Tech support,No
C11186,33,45.23,1488.71,Month-to-month,Mailed check,DSL,Online security,No
C11187,29,42.02,1262.57,Month-to-month,Electronic check,Fiber optic,Device protection,Yes
C11188,12,68.84,826.48,Month-to-month,Mailed check,Fiber optic,Device protection,No
C11189,12,93.76,1170.04,Month-to-month,Bank transfer,DSL,Device protection,No
C11190,17,72.52,1266.12,One year,Credit card,Fiber optic,None,No
C11191,31,23.26,707.3,Two year,Electronic check,Fiber optic,Online security,No
C11192,38,106.86,4097.04,Month-to-month,Credit card,Fiber optic,Device protection,Yes
C11193,45,26.47,1152.16,Month-to-month,Bank transfer,Fiber optic,Device protection,Yes
C11194,28,115.58,3278.74,Month-to-month,Electronic check,DSL,Device protection,No
C11195,61,22.51,1386.27,One year,Credit card,Fiber optic,Online security,Yes
C11196,61,89.45,5411.89,One year,Credit card,DSL,Device protection,Yes
C11197,56,28.22,1594.75,Month-to-month,Bank transfer,Fiber optic,Device protection,Yes
C11198,15,111.07,1713.47,Month-to-month,Credit card,DSL,Online security,No
C11199,55,66.44,3611.18,Month-to-month,Bank transfer,No,None,Yes
